Genus,Family,Order,Class,Phylum,Cluster
Abedus,Belostomatidae,Hemiptera,Insecta,Arthropoda,Abedus.Belostoma
Abedus.Belostoma,Belostomatidae,Hemiptera,Insecta,Arthropoda,""
Abietinaria,Sertulariidae,Leptothecata,Hydrozoa,Cnidaria,""
Ablabesmyia,Chironomidae,Diptera,Insecta,Arthropoda,""
Abra,Semelidae,Cardiida,Bivalvia,Mollusca,""
Acanthochitona,Acanthochitonidae,Chitonida,Polyplacophora,Mollusca,""
Acanthohaustorius,Haustoriidae,Amphipoda,Malacostraca,Arthropoda,""
Acella,Lymnaeidae,incertae sedis,Gastropoda,Mollusca,""
Achelia,Ammotheidae,Pantopoda,Pycnogonida,Arthropoda,""
Acila,Nuculidae,Nuculida,Bivalvia,Mollusca,""
Acricotopus,Chironomidae,Diptera,Insecta,Arthropoda,""
Acromegalomma,Sabellidae,Sabellida,Polychaeta,Annelida,""
Acroneuria,Perlidae,Plecoptera,Insecta,Arthropoda,""
Acteocina,Tornatinidae,Cephalaspidea,Gastropoda,Mollusca,""
Acuminodeutopus,Unciolidae,Amphipoda,Malacostraca,Arthropoda,""
Adontorhina,Thyasiridae,Lucinida,Bivalvia,Mollusca,""
Aedes,Culicidae,Diptera,Insecta,Arthropoda,""
Aeginina,Caprellidae,Amphipoda,Malacostraca,Arthropoda,""
Aeshna,Aeshnidae,Odonata,Insecta,Arthropoda,Aeshna.Rhionaeschna
Aeshna.Rhionaeschna,Aeshnidae,Odonata,Insecta,Arthropoda,""
Agabus,Dytiscidae,Coleoptera,Insecta,Arthropoda,""
Agapetus,Glossosomatidae,Trichoptera,Insecta,Arthropoda,""
Agarodes,Sericostomatidae,Trichoptera,Insecta,Arthropoda,""
Aglaja,Abylidae,Siphonophorae,Hydrozoa,Cnidaria,""
Aglaophamus,Nephtyidae,Phyllodocida,Polychaeta,Annelida,""
Agnetina.Paragnetina,Perlidae,Plecoptera,Insecta,Arthropoda,""
Agraylea,Hydroptilidae,Trichoptera,Insecta,Arthropoda,""
Agrypnia,Phryganeidae,Trichoptera,Insecta,Arthropoda,""
Akanthophoreus,Akanthophoreidae,Tanaidacea,Malacostraca,Arthropoda,""
Alia,Columbellidae,Neogastropoda,Gastropoda,Mollusca,""
Aligena,Lasaeidae,Galeommatida,Bivalvia,Mollusca,""
Alitta,Nereididae,Phyllodocida,Polychaeta,Annelida,""
Alloleptochelia,Leptocheliidae,Tanaidacea,Malacostraca,Arthropoda,""
Allomyia,Apataniidae,Trichoptera,Insecta,Arthropoda,""
Alloperla,Chloroperlidae,Plecoptera,Insecta,Arthropoda,""
Allorchestes,Dogielinotidae,Amphipoda,Malacostraca,Arthropoda,""
Allothyone,Phyllophoridae,Dendrochirotida,Holothuroidea,Echinodermata,""
Alluaudomyia,Ceratopogonidae,Diptera,Insecta,Arthropoda,""
Alotanypus,Chironomidae,Diptera,Insecta,Arthropoda,""
Alpheus,Alpheidae,Decapoda,Malacostraca,Arthropoda,""
Alvania,Rissoidae,Littorinimorpha,Gastropoda,Mollusca,""
Amaeana,Terebellidae,Terebellida,Polychaeta,Annelida,""
Amage,Ampharetidae,Terebellida,Polychaeta,Annelida,""
Amakusanthura,Anthuridae,Isopoda,Malacostraca,Arthropoda,""
Ambidexter,Processidae,Decapoda,Malacostraca,Arthropoda,""
Ambrysus,Naucoridae,Hemiptera,Insecta,Arthropoda,""
Ameletus,Ameletidae,Ephemeroptera,Insecta,Arthropoda,""
Americamysis,Mysidae,Mysida,Malacostraca,Arthropoda,""
Americhelidium,Oedicerotidae,Amphipoda,Malacostraca,Arthropoda,""
Americorophium,Corophiidae,Amphipoda,Malacostraca,Arthropoda,""
Ameritella,Tellinidae,Cardiida,Bivalvia,Mollusca,""
Ameroculodes,Oedicerotidae,Amphipoda,Malacostraca,Arthropoda,""
Amerycina,Lasaeidae,Galeommatida,Bivalvia,Mollusca,""
Ametor,Hydrophilidae,Coleoptera,Insecta,Arthropoda,""
Amiocentrus,Brachycentridae,Trichoptera,Insecta,Arthropoda,""
Amnicola,Amnicolidae,Littorinimorpha,Gastropoda,Mollusca,""
Ampelisca,Ampeliscidae,Amphipoda,Malacostraca,Arthropoda,""
Ampharete,Ampharetidae,Terebellida,Polychaeta,Annelida,""
Amphicteis,Ampharetidae,Terebellida,Polychaeta,Annelida,""
Amphideutopus,Kamakidae,Amphipoda,Malacostraca,Arthropoda,""
Amphinemura,Nemouridae,Plecoptera,Insecta,Arthropoda,""
Amphiodia,Amphiuridae,Amphilepidida,Ophiuroidea,Echinodermata,""
Amphioplus,Amphiuridae,Amphilepidida,Ophiuroidea,Echinodermata,""
Amphipholis,Amphiuridae,Amphilepidida,Ophiuroidea,Echinodermata,""
Amphiporus,Amphiporidae,Monostilifera,Hoplonemertea,Nemertea,""
Amphissa,Columbellidae,Neogastropoda,Gastropoda,Mollusca,""
Amphitrite,Terebellidae,Terebellida,Polychaeta,Annelida,""
Ampithoe,Ampithoidae,Amphipoda,Malacostraca,Arthropoda,""
Ampumixis,Elmidae,Coleoptera,Insecta,Arthropoda,""
Amygdalum,Mytilidae,Mytilida,Bivalvia,Mollusca,""
Anabolia,Limnephilidae,Trichoptera,Insecta,Arthropoda,""
Anacaena,Hydrophilidae,Coleoptera,Insecta,Arthropoda,""
Anachis,Columbellidae,Neogastropoda,Gastropoda,Mollusca,""
Anadara,Arcidae,Arcida,Bivalvia,Mollusca,""
Anagapetus,Glossosomatidae,Trichoptera,Insecta,Arthropoda,""
Anax,Aeshnidae,Odonata,Insecta,Arthropoda,""
Anchytarsus,Ptilodactylidae,Coleoptera,Insecta,Arthropoda,""
Ancinus,Ancinidae,Isopoda,Malacostraca,Arthropoda,""
Ancistrosyllis,Pilargidae,Phyllodocida,Polychaeta,Annelida,""
Ancyronyx,Elmidae,Coleoptera,Insecta,Arthropoda,""
Anemonactis,Haloclavidae,Actiniaria,Hexacorallia,Cnidaria,""
Angulus,Tellinidae,Cardiida,Bivalvia,Mollusca,""
Anisocentropus,Calamoceratidae,Trichoptera,Insecta,Arthropoda,""
Anisogammarus,Anisogammaridae,Amphipoda,Malacostraca,Arthropoda,""
Anobothrus,Ampharetidae,Terebellida,Polychaeta,Annelida,""
Anodonta,Unionidae,Unionida,Bivalvia,Mollusca,""
Anomalocardia,Veneridae,Venerida,Bivalvia,Mollusca,""
Anomia,Anomiidae,Pectinida,Bivalvia,Mollusca,""
Anonyx,Uristidae,Amphipoda,Malacostraca,Arthropoda,""
Anopheles,Culicidae,Diptera,Insecta,Arthropoda,""
Anoplodactylus,Phoxichilidiidae,Pantopoda,Pycnogonida,Arthropoda,""
Antocha,Limonidae,Diptera,Insecta,Arthropoda,""
Aonides,Spionidae,Spionida,Polychaeta,Annelida,""
Aoroides,Aoridae,Amphipoda,Malacostraca,Arthropoda,""
Apatania,Apataniidae,Trichoptera,Insecta,Arthropoda,""
Apedilum,Chironomidae,Diptera,Insecta,Arthropoda,""
Aphelochaeta,Cirratulidae,Terebellida,Polychaeta,Annelida,""
Aphrodita,Aphroditidae,Phyllodocida,Polychaeta,Annelida,""
Aphylla,Gomphidae,Odonata,Hexapoda,Arthropoda,""
Apistobranchus,Apistobranchidae,Spionida,Polychaeta,Annelida,""
Apocorophium,Corophiidae,Amphipoda,Malacostraca,Arthropoda,""
Apsectrotanypus,Chironomidae,Diptera,Insecta,Arthropoda,""
Apseudes,Apseudidae,Tanaidacea,Malacostraca,Arthropoda,""
Arabella,Oenonidae,Eunicida,Polychaeta,Annelida,""
Araphura,Tanaellidae,Tanaidacea,Malacostraca,Arthropoda,""
Archaeomysis,Mysidae,Mysida,Malacostraca,Arthropoda,""
Archilestes,Lestidae,Odonata,Insecta,Arthropoda,""
Arctica,Arcticidae,Venerida,Bivalvia,Mollusca,""
Arctopsyche,Hydropsychidae,Trichoptera,Insecta,Arthropoda,""
Arcuatula,Mytilidae,Mytilida,Bivalvia,Mollusca,""
Argia,Coenagrionidae,Odonata,Insecta,Arthropoda,""
Argissa,Argissidae,Amphipoda,Malacostraca,Arthropoda,""
Arigomphus,Gomphidae,Odonata,Insecta,Arthropoda,""
Armiger,Planorbidae,incertae sedis,Gastropoda,Mollusca,Armiger.Gyraulus
Armiger.Gyraulus,Planorbidae,incertae sedis,Gastropoda,Mollusca,""
Artacama,Terebellidae,Terebellida,Polychaeta,Annelida,""
Aruga,Lysianassidae,Amphipoda,Malacostraca,Arthropoda,""
Asheum,Chironomidae,Diptera,Insecta,Arthropoda,""
Astarte,Astartidae,Carditida,Bivalvia,Mollusca,""
Asthenothaerus,Thraciidae,incertae sedis,Bivalvia,Mollusca,""
Astyris,Columbellidae,Neogastropoda,Gastropoda,Mollusca,""
Atherix.Suragina,Athericidae,Diptera,Insecta,Arthropoda,""
Atractelmis,Elmidae,Coleoptera,Insecta,Arthropoda,""
Atrichopogon,Ceratopogonidae,Diptera,Insecta,Arthropoda,Atrichopogon.Forcipomyia
Atrichopogon.Forcipomyia,Ceratopogonidae,Diptera,Insecta,Arthropoda,""
Atylus,Atylidae,Amphipoda,Malacostraca,Arthropoda,""
Atys,Atyidae,Decapoda,Malacostraca,Arthropoda,""
Augeneriella,Fabriciidae,Sabellida,Polychaeta,Annelida,""
Austinixa,Pinnotheridae,Decapoda,Malacostraca,Arthropoda,""
Automate,Alpheidae,Decapoda,Malacostraca,Arthropoda,""
Axarus,Chironomidae,Diptera,Insecta,Arthropoda,""
Axinopsida,Thyasiridae,Lucinida,Bivalvia,Mollusca,""
Barleeia,Barleeiidae,Littorinimorpha,Gastropoda,Mollusca,""
Barnea,Pholadidae,Myida,Bivalvia,Mollusca,""
Basiaeschna,Aeshnidae,Odonata,Insecta,Arthropoda,""
Batea,Bateidae,Amphipoda,Malacostraca,Arthropoda,""
Bathymedon,Oedicerotidae,Amphipoda,Malacostraca,Arthropoda,""
Bathyporeia,Bathyporeiidae,Amphipoda,Malacostraca,Arthropoda,""
Belostoma,Belostomatidae,Hemiptera,Insecta,Arthropoda,Abedus.Belostoma
Bemlos,Aoridae,Amphipoda,Malacostraca,Arthropoda,""
Berosus,Hydrophilidae,Coleoptera,Insecta,Arthropoda,""
Bhawania,Chrysopetalidae,Phyllodocida,Polychaeta,Annelida,""
Biffarius,Callianassidae,Decapoda,Malacostraca,Arthropoda,""
Biomphalaria,Planorbidae,incertae sedis,Gastropoda,Mollusca,""
Bipalponephtys,Nephtyidae,Phyllodocida,Polychaeta,Annelida,""
Bispira,Sabellidae,Sabellida,Polychaeta,Annelida,""
Bithynia,Bithyniidae,Littorinimorpha,Gastropoda,Mollusca,""
Bittiolum,Cerithiidae,Caenogastropoda,Gastropoda,Mollusca,""
Blepharicera,Blephariceridae,Diptera,Insecta,Arthropoda,""
Boccardia,Spionidae,Spionida,Polychaeta,Annelida,""
Boccardiella,Spionidae,Spionida,Polychaeta,Annelida,""
Boonea,Pyramidellidae,incertae sedis,Gastropoda,Mollusca,""
Boreochlus,Chironomidae,Diptera,Insecta,Arthropoda,""
Boreoheptagyia,Chironomidae,Diptera,Insecta,Arthropoda,""
Bostrichobranchus,Molgulidae,Stolidobranchia,Ascidiacea,Chordata,""
Boyeria,Aeshnidae,Odonata,Insecta,Arthropoda,""
Brachidontes,Mytilidae,Mytilida,Bivalvia,Mollusca,""
Brachycentrus,Brachycentridae,Trichoptera,Insecta,Arthropoda,""
Brada,Flabelligeridae,Terebellida,Polychaeta,Annelida,""
Branchiomma,Sabellidae,Sabellida,Polychaeta,Annelida,""
Branchiostoma,Branchiostomatidae,incertae sedis,Leptocardii,Chordata,""
Branchiosyllis,Syllidae,Phyllodocida,Polychaeta,Annelida,""
Brania,Syllidae,Phyllodocida,Polychaeta,Annelida,""
Brillia,Chironomidae,Diptera,Insecta,Arthropoda,""
Brundiniella,Chironomidae,Diptera,Insecta,Arthropoda,""
Brychius,Haliplidae,Coleoptera,Insecta,Arthropoda,""
Bryophaenocladius.Gymnometriocnemus,Chironomidae,Diptera,Insecta,Arthropoda,""
Bulla,Bullidae,Cephalaspidea,Gastropoda,Mollusca,""
Busycon,Busyconidae,Neogastropoda,Gastropoda,Mollusca,""
Busycotypus,Busyconidae,Neogastropoda,Gastropoda,Mollusca,""
Byblis,Ampeliscidae,Amphipoda,Malacostraca,Arthropoda,""
Bylgides,Polynoidae,Phyllodocida,Polychaeta,Annelida,""
Bythotrephes,Cercopagididae,Onychopoda,Branchiopoda,Arthropoda,""
Cabira,Pilargidae,Phyllodocida,Polychaeta,Annelida,""
Cacoheterotanais,Leptocheliidae,Tanaidacea,Malacostraca,Arthropoda,""
Cadulus,Gadilidae,Gadilida,Scaphopoda,Mollusca,""
Caecidotea,Asellidae,Isopoda,Malacostraca,Arthropoda,""
Caecognathia,Gnathiidae,Isopoda,Malacostraca,Arthropoda,""
Caecum,Caecidae,Littorinimorpha,Gastropoda,Mollusca,""
Calineuria,Perlidae,Plecoptera,Insecta,Arthropoda,""
Callianassa,Callianassidae,Decapoda,Malacostraca,Arthropoda,""
Callinectes,Portunidae,Decapoda,Malacostraca,Arthropoda,""
Callipallene,Callipallenidae,Pantopoda,Pycnogonida,Arthropoda,""
Callista,Veneridae,Venerida,Bivalvia,Mollusca,""
Caloparyphus.Euparyphus,Stratiomyidae,Diptera,Insecta,Arthropoda,""
Calopteryx,Calopterygidae,Odonata,Insecta,Arthropoda,""
Calyptraea,Calyptraeidae,Littorinimorpha,Gastropoda,Mollusca,""
Cambarus,Cambaridae,Decapoda,Malacostraca,Arthropoda,""
Camelobaetidius,Baetidae,Ephemeroptera,Insecta,Arthropoda,""
Campeloma,Viviparidae,Architaenioglossa,Gastropoda,Mollusca,""
Cancer,Cancridae,Decapoda,Malacostraca,Arthropoda,""
Caprella,Caprellidae,Amphipoda,Malacostraca,Arthropoda,""
Carazziella,Spionidae,Spionida,Polychaeta,Annelida,""
Cardites,Carditidae,Carditida,Bivalvia,Mollusca,""
Carinoma,Carinomidae,Carinomiformes,Palaeonemertea,Nemertea,""
Carinomella,Carinomellidae,Tubulaniformes,Palaeonemertea,Nemertea,""
Carpias,Janiridae,Isopoda,Malacostraca,Arthropoda,""
Caryocorbula,Corbulidae,Myida,Bivalvia,Mollusca,""
Casco,Cheirocratidae,Amphipoda,Malacostraca,Arthropoda,""
Cassidinidea,Sphaeromatidae,Isopoda,Malacostraca,Arthropoda,""
Caulleriella,Cirratulidae,Terebellida,Polychaeta,Annelida,""
Celina,Dytiscidae,Coleoptera,Insecta,Arthropoda,""
Celithemis,Libellulidae,Odonata,Insecta,Arthropoda,""
Ceraclea,Leptoceridae,Trichoptera,Insecta,Arthropoda,""
Ceradocus,Maeridae,Amphipoda,Malacostraca,Arthropoda,""
Cerapus,Ischyroceridae,Amphipoda,Malacostraca,Arthropoda,""
Ceratocephale,Nereididae,Phyllodocida,Polychaeta,Annelida,""
Ceratonereis,Nereididae,Phyllodocida,Polychaeta,Annelida,""
Ceratopsyche,Hydropsychidae,Trichoptera,Insecta,Arthropoda,Ceratopsyche.Hydropsyche
Ceratopsyche.Hydropsyche,Hydropsychidae,Trichoptera,Insecta,Arthropoda,""
Cercobrachys,Caenidae,Ephemeroptera,Insecta,Arthropoda,""
Cerebratulus,Lineidae,Heteronemertea,Pilidiophora,Nemertea,""
Ceriantheopsis,Cerianthidae,Spirularia,Anthozoa,Cnidaria,""
Cerithium,Cerithiidae,Caenogastropoda,Gastropoda,Mollusca,""
Cernotina,Polycentropodidae,Trichoptera,Insecta,Arthropoda,""
Chaetocladius,Chironomidae,Diptera,Insecta,Arthropoda,""
Chaetoderma,Chaetodermatidae,Chaetodermatida,Caudofoveata,Mollusca,""
Chaetozone,Cirratulidae,Terebellida,Polychaeta,Annelida,""
Chaoborus,Chaoboridae,Diptera,Insecta,Arthropoda,""
Chauliodes,Corydalidae,Megaloptera,Insecta,Arthropoda,""
Cheirimedeia,Corophiidae,Amphipoda,Malacostraca,Arthropoda,""
Chelifera.Metachela,Empididae,Diptera,Insecta,Arthropoda,""
Chernovskiia,Chironomidae,Diptera,Insecta,Arthropoda,""
Cheumatopsyche,Hydropsychidae,Trichoptera,Insecta,Arthropoda,""
Chimarra,Philopotamidae,Trichoptera,Insecta,Arthropoda,""
Chiridotea,Chaetiliidae,Isopoda,Malacostraca,Arthropoda,""
Chironomini,Chironomidae,Diptera,Insecta,Arthropoda,""
Chlamydopleon,Mysidae,Mysida,Malacostraca,Arthropoda,""
Chlamys,Pandaridae,Siphonostomatoida,Copepoda,Arthropoda,""
Chlorotabanus,Tabanidae,Diptera,Insecta,Arthropoda,""
Chondrochelia,Leptocheliidae,Tanaidacea,Malacostraca,Arthropoda,""
Chone,Sabellidae,Sabellida,Polychaeta,Annelida,""
Chrysops,Tabanidae,Diptera,Insecta,Arthropoda,Chrysops.Silvius
Chrysops.Silvius,Tabanidae,Diptera,Insecta,Arthropoda,""
Cincinnatia,Hydrobiidae,Littorinimorpha,Gastropoda,Mollusca,""
Cipangopaludina,Viviparidae,Architaenioglossa,Gastropoda,Mollusca,""
Cirratulus,Cirratulidae,Terebellida,Polychaeta,Annelida,""
Cirriformia,Cirratulidae,Terebellida,Polychaeta,Annelida,""
Claassenia,Perlidae,Plecoptera,Insecta,Arthropoda,""
Cladopelma,Chironomidae,Diptera,Insecta,Arthropoda,""
Cladotanytarsus,Chironomidae,Diptera,Insecta,Arthropoda,""
Cleptelmis,Elmidae,Coleoptera,Insecta,Arthropoda,""
Climacia,Sisyridae,Neuroptera,Insecta,Arthropoda,""
Clinocardium,Cardiidae,Cardiida,Bivalvia,Mollusca,""
Clinocera.Trichoclinocera,Empididae,Diptera,Insecta,Arthropoda,""
Clinotanypus,Chironomidae,Diptera,Insecta,Arthropoda,""
Clunio,Chironomidae,Diptera,Hexapoda,Arthropoda,""
Codakia,Lucinidae,Lucinida,Bivalvia,Mollusca,""
Coelotanypus,Chironomidae,Diptera,Insecta,Arthropoda,""
Coenagrion.Enallagma,Coenagrionidae,Odonata,Insecta,Arthropoda,""
Compsomyax,Veneridae,Venerida,Bivalvia,Mollusca,""
Constempellina,Chironomidae,Diptera,Insecta,Arthropoda,""
Cooperella,Veneridae,Venerida,Bivalvia,Mollusca,""
Coptotomus,Dytiscidae,Coleoptera,Insecta,Arthropoda,""
Corambe,Corambidae,Nudibranchia,Gastropoda,Mollusca,""
Corbicula,Cyrenidae,Venerida,Bivalvia,Mollusca,""
Corbula,Corbulidae,Myida,Bivalvia,Mollusca,""
Cordulegaster,Cordulegastridae,Odonata,Insecta,Arthropoda,""
Cordulia,Corduliidae,Odonata,Insecta,Arthropoda,""
Corophium,Corophiidae,Amphipoda,Malacostraca,Arthropoda,""
Corydalus,Corydalidae,Megaloptera,Insecta,Arthropoda,""
Corymorpha,Corymorphidae,Anthoathecata,Hydrozoa,Cnidaria,""
Corynoneura,Chironomidae,Diptera,Insecta,Arthropoda,Corynoneura.Thienemanniella
Corynoneura.Thienemanniella,Chironomidae,Diptera,Insecta,Arthropoda,""
Costoanachis,Columbellidae,Neogastropoda,Gastropoda,Mollusca,""
Cotonopsis,Columbellidae,Neogastropoda,Gastropoda,Mollusca,""
Crangon,Crangonidae,Decapoda,Malacostraca,Arthropoda,""
Crangonyx,Crangonyctidae,Amphipoda,Malacostraca,Arthropoda,""
Crassicorophium,Corophiidae,Amphipoda,Malacostraca,Arthropoda,""
Crassinella,Crassatellidae,Carditida,Bivalvia,Mollusca,""
Crassostrea,Ostreidae,Ostreida,Bivalvia,Mollusca,""
Crenella,Mytilidae,Mytilida,Bivalvia,Mollusca,""
Crepidula,Calyptraeidae,Littorinimorpha,Gastropoda,Mollusca,""
Crepipatella,Calyptraeidae,Littorinimorpha,Gastropoda,Mollusca,""
Cricotopus,Chironomidae,Diptera,Insecta,Arthropoda,Cricotopus.Orthocladius
Cricotopus.Orthocladius,Chironomidae,Diptera,Insecta,Arthropoda,""
Cryptochironomus,Chironomidae,Diptera,Insecta,Arthropoda,""
Cryptomya,Myidae,Myida,Bivalvia,Mollusca,""
Cryptonatica,Naticidae,Littorinimorpha,Gastropoda,Mollusca,""
Cryptotendipes,Chironomidae,Diptera,Insecta,Arthropoda,""
Ctena,Lucinidae,Lucinida,Bivalvia,Mollusca,""
Cucumaria,Hyriidae,Unionida,Bivalvia,Mollusca,""
Culex,Culicidae,Diptera,Insecta,Arthropoda,""
Culoptila.Protoptila,Glossosomatidae,Trichoptera,Insecta,Arthropoda,""
Cultus,Perlodidae,Plecoptera,Insecta,Arthropoda,""
Cumingia,Semelidae,Cardiida,Bivalvia,Mollusca,""
Cyathura,Anthuridae,Isopoda,Malacostraca,Arthropoda,""
Cyclinella,Veneridae,Venerida,Bivalvia,Mollusca,""
Cyclocardia,Carditidae,Carditida,Bivalvia,Mollusca,""
Cyclostremiscus,Tornidae,Littorinimorpha,Gastropoda,Mollusca,""
Cylichna,Cylichnidae,Cephalaspidea,Gastropoda,Mollusca,""
Cylichnella,Cylichnidae,Cephalaspidea,Gastropoda,Mollusca,""
Cylindrobulla,Cylindrobullidae,incertae sedis,Gastropoda,Mollusca,""
Cymadusa,Ampithoidae,Amphipoda,Malacostraca,Arthropoda,""
Cymbiodyta,Hydrophilidae,Coleoptera,Insecta,Arthropoda,""
Cyphocaris,Cyphocarididae,Amphipoda,Malacostraca,Arthropoda,""
Cyphomella,Chironomidae,Diptera,Insecta,Arthropoda,""
Cyrnellus,Polycentropodidae,Trichoptera,Insecta,Arthropoda,""
Dasyhelea,Ceratopogonidae,Diptera,Insecta,Arthropoda,""
Deflexilodes,Oedicerotidae,Amphipoda,Malacostraca,Arthropoda,""
Demicryptochironomus,Chironomidae,Diptera,Insecta,Arthropoda,""
Dendraster,Dendrasteridae,Echinolampadacea,Echinoidea,Echinodermata,""
Dentatisyllis,Syllidae,Phyllodocida,Polychaeta,Annelida,""
Dentimargo,Marginellidae,Neogastropoda,Gastropoda,Mollusca,""
Derotanypus,Chironomidae,Diptera,Insecta,Arthropoda,""
Desdimelita,Melitidae,Amphipoda,Malacostraca,Arthropoda,""
Desmopachria,Dytiscidae,Coleoptera,Insecta,Arthropoda,""
Despaxia,Leuctridae,Plecoptera,Insecta,Arthropoda,""
Deutella,Caprellidae,Amphipoda,Malacostraca,Arthropoda,""
Deuterophlebia,Deuterophlebiidae,Diptera,Insecta,Arthropoda,""
Dexamine,Dexaminidae,Amphipoda,Malacostraca,Arthropoda,""
Diadumene,Diadumenidae,Actiniaria,Anthozoa,Cnidaria,""
Dialychone,Sabellidae,Sabellida,Polychaeta,Annelida,""
Diamesa,Chironomidae,Diptera,Insecta,Arthropoda,""
Diaphana,Diaphanidae,Cephalaspidea,Gastropoda,Mollusca,""
Dicosmoecus,Limnephilidae,Trichoptera,Insecta,Arthropoda,""
Dicranota,Pediciidae,Diptera,Insecta,Arthropoda,""
Dicrotendipes,Chironomidae,Diptera,Insecta,Arthropoda,""
Didymops,Macromiidae,Odonata,Insecta,Arthropoda,""
Dineutus,Gyrinidae,Coleoptera,Insecta,Arthropoda,""
Diopatra,Onuphidae,Eunicida,Polychaeta,Annelida,""
Diplectrona,Hydropsychidae,Trichoptera,Insecta,Arthropoda,""
Diplocirrus,Flabelligeridae,Terebellida,Polychaeta,Annelida,""
Diplocladius,Chironomidae,Diptera,Insecta,Arthropoda,""
Diplodonta,Ungulinidae,Venerida,Bivalvia,Mollusca,""
Diplothyra,Pholadidae,Myida,Bivalvia,Mollusca,""
Dipolydora,Spionidae,Spionida,Polychaeta,Annelida,""
Diporeia,Pontoporeiidae,Amphipoda,Malacostraca,Arthropoda,""
Dispio,Spionidae,Spionida,Polychaeta,Annelida,""
Dixa,Dixidae,Diptera,Insecta,Arthropoda,""
Dixella,Dixidae,Diptera,Insecta,Arthropoda,""
Djalmabatista,Chironomidae,Diptera,Insecta,Arthropoda,""
Dodecaceria,Cirratulidae,Terebellida,Polychaeta,Annelida,""
Dolophilodes,Philopotamidae,Trichoptera,Insecta,Arthropoda,""
Donax,Donacidae,Cardiida,Bivalvia,Mollusca,""
Doriopsilla,Dendrodorididae,Nudibranchia,Gastropoda,Mollusca,""
Doroneuria,Perlidae,Plecoptera,Insecta,Arthropoda,""
Dorvillea,Dorvilleidae,Eunicida,Polychaeta,Annelida,""
Dosinia,Veneridae,Venerida,Bivalvia,Mollusca,""
Dreissena,Dreissenidae,Myida,Bivalvia,Mollusca,""
Drilonereis,Oenonidae,Eunicida,Polychaeta,Annelida,""
Dromogomphus,Gomphidae,Odonata,Insecta,Arthropoda,""
Dubiraphia,Elmidae,Coleoptera,Insecta,Arthropoda,""
Dulichia,Dulichiidae,Amphipoda,Malacostraca,Arthropoda,""
Dulichiella,Melitidae,Amphipoda,Malacostraca,Arthropoda,""
Dyopedos,Dulichiidae,Amphipoda,Malacostraca,Arthropoda,""
Dyspanopeus,Panopeidae,Decapoda,Malacostraca,Arthropoda,""
Dytiscus,Dytiscidae,Coleoptera,Hexapoda,Arthropoda,""
Ecclisomyia,Limnephilidae,Trichoptera,Insecta,Arthropoda,""
Echinarachnius,Echinarachniidae,Echinolampadacea,Echinoidea,Echinodermata,""
Echinogammarus,Gammaridae,Amphipoda,Malacostraca,Arthropoda,""
Ecrobia,Hydrobiidae,Littorinimorpha,Gastropoda,Mollusca,""
Ectopria,Psephenidae,Coleoptera,Insecta,Arthropoda,""
Edotia,Idoteidae,Isopoda,Malacostraca,Arthropoda,""
Edwardsia,Edwardsiidae,Actiniaria,Anthozoa,Cnidaria,""
Elasmopus,Melitidae,Amphipoda,Malacostraca,Arthropoda,""
Elimia,Pleuroceridae,Caenogastropoda,Gastropoda,Mollusca,Elimia.Pleurocera
Elimia.Pleurocera,Pleuroceridae,Caenogastropoda,Gastropoda,Mollusca,""
Elliptio,Unionidae,Unionida,Bivalvia,Mollusca,""
Enallagma,Coenagrionidae,Odonata,Insecta,Arthropoda,Coenagrion.Enallagma
Endochironomus,Chironomidae,Diptera,Insecta,Arthropoda,""
Endotribelos,Chironomidae,Diptera,Insecta,Arthropoda,""
Ennucula,Nuculidae,Nuculida,Bivalvia,Mollusca,""
Enochrus,Hydrophilidae,Coleoptera,Insecta,Arthropoda,""
Ensis,Pharidae,Adapedonta,Bivalvia,Mollusca,""
Entodesma,Lyonsiidae,incertae sedis,Bivalvia,Mollusca,""
Eobrolgus,Phoxocephalidae,Amphipoda,Malacostraca,Arthropoda,""
Eochelidium,Oedicerotidae,Amphipoda,Malacostraca,Arthropoda,""
Eogammarus,Anisogammaridae,Amphipoda,Malacostraca,Arthropoda,""
Eohaustorius,Haustoriidae,Amphipoda,Malacostraca,Arthropoda,""
Ephydra,Ephydridae,Diptera,Hexapoda,Arthropoda,""
Epitheca,Corduliidae,Odonata,Insecta,Arthropoda,""
Epitomapta,Synaptidae,Apodida,Holothuroidea,Echinodermata,""
Epitonium,Epitoniidae,Caenogastropoda,Gastropoda,Mollusca,""
Epoicocladius,Chironomidae,Diptera,Insecta,Arthropoda,""
Eranno,Lumbrineridae,Eunicida,Polychaeta,Annelida,""
Erichsonella,Idoteidae,Isopoda,Malacostraca,Arthropoda,""
Ericthonius,Ischyroceridae,Amphipoda,Malacostraca,Arthropoda,""
Erinaceusyllis,Syllidae,Phyllodocida,Polychaeta,Annelida,""
Erioptera,Limonidae,Diptera,Insecta,Arthropoda,""
Erpetogomphus,Gomphidae,Odonata,Insecta,Arthropoda,Erpetogomphus.Ophiogomphus
Erpetogomphus.Ophiogomphus,Gomphidae,Odonata,Insecta,Arthropoda,""
Ervilia,Semelidae,Cardiida,Bivalvia,Mollusca,""
Erythemis,Libellulidae,Odonata,Insecta,Arthropoda,""
Erythrops,Mysidae,Mysida,Malacostraca,Arthropoda,""
Eteone,Phyllodocidae,Phyllodocida,Polychaeta,Annelida,""
Eualus,Thoridae,Decapoda,Malacostraca,Arthropoda,""
Eubrianax,Psephenidae,Coleoptera,Insecta,Arthropoda,""
Euceramus,Porcellanidae,Decapoda,Malacostraca,Arthropoda,""
Euchone,Sabellidae,Sabellida,Polychaeta,Annelida,""
Eudevenopus,Platyischnopidae,Amphipoda,Malacostraca,Arthropoda,""
Eulalia,Phyllodocidae,Phyllodocida,Polychaeta,Annelida,""
Eulima,Eulimidae,Littorinimorpha,Gastropoda,Mollusca,""
Eulimastoma,Pyramidellidae,incertae sedis,Gastropoda,Mollusca,""
Eulithidium,Phasianellidae,Trochida,Gastropoda,Mollusca,""
Eumida,Phyllodocidae,Phyllodocida,Polychaeta,Annelida,""
Eunice,Eunicidae,Eunicida,Polychaeta,Annelida,""
Eupera,Sphaeriidae,Sphaeriida,Bivalvia,Mollusca,""
Euphysa,Corymorphidae,Anthoathecata,Hydrozoa,Cnidaria,""
Eupleura,Muricidae,Neogastropoda,Gastropoda,Mollusca,""
Eupolymnia,Terebellidae,Terebellida,Polychaeta,Annelida,""
Euryhapsis,Chironomidae,Diptera,Insecta,Arthropoda,""
Eurypanopeus,Panopeidae,Decapoda,Malacostraca,Arthropoda,""
Eurytellina,Tellinidae,Cardiida,Bivalvia,Mollusca,""
Eusirus,Eusiridae,Amphipoda,Malacostraca,Arthropoda,""
Euspira,Naticidae,Littorinimorpha,Gastropoda,Mollusca,""
Eusyllis,Syllidae,Phyllodocida,Polychaeta,Annelida,""
Exogone,Syllidae,Phyllodocida,Polychaeta,Annelida,""
Fabricinuda,Fabriciidae,Sabellida,Polychaeta,Annelida,""
Fabriciola,Fabriciidae,Sabellida,Polychaeta,Annelida,""
Fargoa,Pyramidellidae,incertae sedis,Gastropoda,Mollusca,""
Ferrissia,Planorbidae,incertae sedis,Gastropoda,Mollusca,""
Ficopomatus,Serpulidae,Sabellida,Polychaeta,Annelida,""
Fimbriosthenelais,Sigalionidae,Phyllodocida,Polychaeta,Annelida,""
Fittkauimyia,Chironomidae,Diptera,Insecta,Arthropoda,""
Flabelligera,Flabelligeridae,Terebellida,Polychaeta,Annelida,""
Forcipomyia,Ceratopogonidae,Diptera,Insecta,Arthropoda,Atrichopogon.Forcipomyia
Foxiphalus,Phoxocephalidae,Amphipoda,Malacostraca,Arthropoda,""
Fragilonemertes,Lineidae,Heteronemertea,Pilidiophora,Nemertea,""
Frigidoalvania,Rissoidae,Littorinimorpha,Gastropoda,Mollusca,""
Gadila,Gadilidae,Gadilida,Scaphopoda,Mollusca,""
Galathowenia,Oweniidae,incertae sedis,Polychaeta,Annelida,""
Galba,Lymnaeidae,incertae sedis,Gastropoda,Mollusca,""
Galba.Stagnicola,Lymnaeidae,incertae sedis,Gastropoda,Mollusca,""
Gammaropsis,Photidae,Amphipoda,Malacostraca,Arthropoda,""
Gammarus,Gammaridae,Amphipoda,Malacostraca,Arthropoda,""
Gastropteron,Gastropteridae,Cephalaspidea,Gastropoda,Mollusca,""
Gattyana,Polynoidae,Phyllodocida,Polychaeta,Annelida,""
Gemma,Veneridae,Venerida,Bivalvia,Mollusca,""
Geukensia,Mytilidae,Mytilida,Bivalvia,Mollusca,""
Gibberosus,Megaluropidae,Amphipoda,Malacostraca,Arthropoda,""
Gibberula,Cystiscidae,Neogastropoda,Gastropoda,Mollusca,""
Gilvossius,Callianassidae,Decapoda,Malacostraca,Arthropoda,""
Gitanopsis,Amphilochidae,Amphipoda,Malacostraca,Arthropoda,""
Globosolembos,Aoridae,Amphipoda,Malacostraca,Arthropoda,""
Glossosoma,Glossosomatidae,Trichoptera,Insecta,Arthropoda,""
Glutops,Pelecorhynchidae,Diptera,Insecta,Arthropoda,""
Glycera,Glyceridae,Phyllodocida,Polychaeta,Annelida,""
Glycinde,Goniadidae,Phyllodocida,Polychaeta,Annelida,""
Glycymeris,Glycymerididae,Arcida,Bivalvia,Mollusca,""
Glyphopsyche,Limnephilidae,Trichoptera,Insecta,Arthropoda,""
Gnathia,Gnathiidae,Isopoda,Malacostraca,Arthropoda,""
Gnorimosphaeroma,Sphaeromatidae,Isopoda,Malacostraca,Arthropoda,""
Goeldichironomus,Chironomidae,Diptera,Insecta,Arthropoda,""
Goera,Goeridae,Trichoptera,Insecta,Arthropoda,""
Golfingia,Golfingiidae,Sipuncula,incertae sedis,Annelida,""
Gomphus,Gomphidae,Odonata,Insecta,Arthropoda,""
Goniada,Goniadidae,Phyllodocida,Polychaeta,Annelida,""
Goniadella,Goniadidae,Phyllodocida,Polychaeta,Annelida,""
Goniadides,Goniadidae,Phyllodocida,Polychaeta,Annelida,""
Goniobasis,Pleuroceridae,Caenogastropoda,Gastropoda,Mollusca,""
Gracilipleustes,Pleustidae,Amphipoda,Malacostraca,Arthropoda,""
Grandidierella,Aoridae,Amphipoda,Malacostraca,Arthropoda,""
Grandifoxus,Phoxocephalidae,Amphipoda,Malacostraca,Arthropoda,""
Granulina,Granulinidae,Neogastropoda,Gastropoda,Mollusca,""
Guernea,Centropagidae,Calanoida,Copepoda,Arthropoda,""
Gumaga,Sericostomatidae,Trichoptera,Insecta,Arthropoda,""
Guttipelopia,Chironomidae,Diptera,Insecta,Arthropoda,""
Gymnometriocnemus,Chironomidae,Diptera,Insecta,Arthropoda,Bryophaenocladius.Gymnometriocnemus
Gyptis,Hesionidae,Phyllodocida,Polychaeta,Annelida,""
Gyraulus,Planorbidae,incertae sedis,Gastropoda,Mollusca,Armiger.Gyraulus
Gyretes,Gyrinidae,Coleoptera,Insecta,Arthropoda,""
Gyrinus,Gyrinidae,Coleoptera,Insecta,Arthropoda,""
Hagenius,Gomphidae,Odonata,Insecta,Arthropoda,""
Halcampa,Halcampidae,Actiniaria,Hexacorallia,Cnidaria,""
Halesochila,Limnephilidae,Trichoptera,Insecta,Arthropoda,""
Haliophasma,Anthuridae,Isopoda,Malacostraca,Arthropoda,""
Haliplus,Haliplidae,Coleoptera,Insecta,Arthropoda,""
Haminoea,Haminoeidae,Cephalaspidea,Gastropoda,Mollusca,""
Haploperla,Chloroperlidae,Plecoptera,Insecta,Arthropoda,""
Haplosyllis,Syllidae,Phyllodocida,Polychaeta,Annelida,""
Hargeria,Leptocheliidae,Tanaidacea,Malacostraca,Arthropoda,""
Harmothoe,Polynoidae,Phyllodocida,Polychaeta,Annelida,""
Harnischia,Chironomidae,Diptera,Insecta,Arthropoda,""
Harpinia,Phoxocephalidae,Amphipoda,Malacostraca,Arthropoda,""
Harpiniopsis,Phoxocephalidae,Amphipoda,Malacostraca,Arthropoda,""
Hartmanodes,Oedicerotidae,Amphipoda,Malacostraca,Arthropoda,""
Haustorius,Haustoriidae,Amphipoda,Malacostraca,Arthropoda,""
Hebetoncylus,Planorbidae,incertae sedis,Gastropoda,Mollusca,""
Hediste,Nereididae,Phyllodocida,Polychaeta,Annelida,""
Hedriodiscus.Odontomyia,Stratiomyidae,Diptera,Insecta,Arthropoda,""
Heleniella,Chironomidae,Diptera,Insecta,Arthropoda,""
Helichus,Dryopidae,Coleoptera,Insecta,Arthropoda,""
Helicopsyche,Helicopsychidae,Trichoptera,Insecta,Arthropoda,""
Helisoma,Planorbidae,incertae sedis,Gastropoda,Mollusca,""
Helius,Limonidae,Diptera,Insecta,Arthropoda,""
Helochares,Hydrophilidae,Coleoptera,Insecta,Arthropoda,""
Helodon.Prosimulium,Simuliidae,Diptera,Insecta,Arthropoda,""
Helophorus,Helophoridae,Coleoptera,Insecta,Arthropoda,""
Hemerodromia,Empididae,Diptera,Insecta,Arthropoda,""
Hemigrapsus,Varunidae,Decapoda,Malacostraca,Arthropoda,""
Hemipholis,Ophiactidae,Amphilepidida,Ophiuroidea,Echinodermata,""
Hemipodia,Glyceridae,Phyllodocida,Polychaeta,Annelida,""
Heptacarpus,Thoridae,Decapoda,Malacostraca,Arthropoda,""
Hermundura,Pilargidae,Phyllodocida,Polychaeta,Annelida,""
Hesionura,Phyllodocidae,Phyllodocida,Polychaeta,Annelida,""
Hesperoconopa,Limonidae,Diptera,Insecta,Arthropoda,""
Hesperonoe,Polynoidae,Phyllodocida,Polychaeta,Annelida,""
Hesperoperla,Perlidae,Plecoptera,Insecta,Arthropoda,""
Hesperophylax,Limnephilidae,Trichoptera,Insecta,Arthropoda,""
Hetaerina,Calopterygidae,Odonata,Insecta,Arthropoda,""
Heterelmis,Elmidae,Coleoptera,Insecta,Arthropoda,""
Heterlimnius,Elmidae,Coleoptera,Insecta,Arthropoda,""
Heteromysis,Mysidae,Mysida,Malacostraca,Arthropoda,""
Heterophoxus,Phoxocephalidae,Amphipoda,Malacostraca,Arthropoda,""
Heteroplectron,Calamoceratidae,Trichoptera,Insecta,Arthropoda,""
Heteropodarke,Hesionidae,Phyllodocida,Polychaeta,Annelida,""
Heteroserolis,Serolidae,Isopoda,Malacostraca,Arthropoda,""
Heterotanytarsus,Chironomidae,Diptera,Insecta,Arthropoda,""
Heterotrissocladius,Chironomidae,Diptera,Insecta,Arthropoda,""
Heteruropus,Sphaeromatidae,Isopoda,Malacostraca,Arthropoda,""
Hexacylloepus,Elmidae,Coleoptera,Insecta,Arthropoda,""
Hexapanopeus,Panopeidae,Decapoda,Malacostraca,Arthropoda,""
Hexatoma,Limonidae,Diptera,Insecta,Arthropoda,""
Hiatella,Hiatellidae,Adapedonta,Bivalvia,Mollusca,""
Hippolyte,Hippolytidae,Decapoda,Malacostraca,Arthropoda,""
Hippomedon,Tryphosidae,Amphipoda,Malacostraca,Arthropoda,""
Hobsonia,Ampharetidae,Terebellida,Polychaeta,Annelida,""
Homoeoneuria,Oligoneuriidae,Ephemeroptera,Insecta,Arthropoda,""
Hoplomachus,Metapseudidae,Tanaidacea,Malacostraca,Arthropoda,""
Hoplopolemius,Metapseudidae,Tanaidacea,Malacostraca,Arthropoda,""
Hourstonius,Amphilochidae,Amphipoda,Malacostraca,Arthropoda,""
Hyalella,Hyalellidae,Amphipoda,Malacostraca,Arthropoda,""
Hybomitra,Tabanidae,Diptera,Insecta,Arthropoda,""
Hydatophylax,Limnephilidae,Trichoptera,Insecta,Arthropoda,""
Hydra,Hydridae,Anthoathecata,Hydrozoa,Cnidaria,""
Hydraena,Hydraenidae,Coleoptera,Insecta,Arthropoda,""
Hydrobaenus,Chironomidae,Diptera,Insecta,Arthropoda,""
Hydrocanthus,Noteridae,Coleoptera,Insecta,Arthropoda,""
Hydrochus,Hydrochidae,Coleoptera,Insecta,Arthropoda,""
Hydroides,Serpulidae,Sabellida,Polychaeta,Annelida,""
Hydroporus,Dytiscidae,Coleoptera,Insecta,Arthropoda,""
Hydropsyche,Hydropsychidae,Trichoptera,Insecta,Arthropoda,Ceratopsyche.Hydropsyche
Hydroptila,Hydroptilidae,Trichoptera,Insecta,Arthropoda,""
Hydrovatus,Dytiscidae,Coleoptera,Insecta,Arthropoda,""
Hygrotus,Dytiscidae,Coleoptera,Insecta,Arthropoda,""
Hypereteone,Phyllodocidae,Phyllodocida,Polychaeta,Annelida,""
Hyporhygma,Chironomidae,Diptera,Insecta,Arthropoda,""
Ianiropsis,Janiridae,Isopoda,Malacostraca,Arthropoda,""
Idanthyrsus,Sabellariidae,incertae sedis,Polychaeta,Annelida,""
Idotea,Idoteidae,Isopoda,Malacostraca,Arthropoda,""
Idunella,Liljeborgiidae,Amphipoda,Malacostraca,Arthropoda,""
Ilyanassa,Nassariidae,Neogastropoda,Gastropoda,Mollusca,""
Ischadium,Mytilidae,Mytilida,Bivalvia,Mollusca,""
Ischnochiton,Ischnochitonidae,Chitonida,Polyplacophora,Mollusca,""
Ischnura,Coenagrionidae,Odonata,Insecta,Arthropoda,""
Ischyrocerus,Ischyroceridae,Amphipoda,Malacostraca,Arthropoda,""
Isogenoides,Perlodidae,Plecoptera,Insecta,Arthropoda,""
Isolda,Melinnidae,Terebellida,Polychaeta,Annelida,""
Isonychia,Isonychiidae,Ephemeroptera,Insecta,Arthropoda,""
Isoperla,Perlodidae,Plecoptera,Insecta,Arthropoda,""
Ithytrichia,Hydroptilidae,Trichoptera,Insecta,Arthropoda,""
Japonactaeon,Acteonidae,incertae sedis,Gastropoda,Mollusca,""
Jaspidella,Bellolividae,Neogastropoda,Gastropoda,Mollusca,""
Jassa,Ischyroceridae,Amphipoda,Malacostraca,Arthropoda,""
Juga,Pleuroceridae,Caenogastropoda,Gastropoda,Mollusca,""
Kalliapseudes,Kalliapseudidae,Tanaidacea,Malacostraca,Arthropoda,""
Kathroperla,Chloroperlidae,Plecoptera,Insecta,Arthropoda,""
Keenocardium,Cardiidae,Cardiida,Bivalvia,Mollusca,""
Kefersteinia,Eoschizodidae,Trigoniida,Bivalvia,Mollusca,""
Kellia,Lasaeidae,Galeommatida,Bivalvia,Mollusca,""
Kelliopsis,Lasaeidae,Galeommatida,Bivalvia,Mollusca,""
Kiefferulus,Chironomidae,Diptera,Insecta,Arthropoda,""
Kinbergonuphis,Onuphidae,Eunicida,Polychaeta,Annelida,""
Kirkegaardia,Cirratulidae,Terebellida,Polychaeta,Annelida,""
Kirsteueriella,Poseidonemertidae,Monostilifera,Hoplonemertea,Nemertea,""
Kloosia,Chironomidae,Diptera,Insecta,Arthropoda,""
Kogotus,Perlodidae,Plecoptera,Insecta,Arthropoda,""
Krenopelopia,Chironomidae,Diptera,Insecta,Arthropoda,""
Krenosmittia,Chironomidae,Diptera,Insecta,Arthropoda,""
Kribiodorum,Chironomidae,Diptera,Insecta,Arthropoda,""
Kurtiella,Lasaeidae,Galeommatida,Bivalvia,Mollusca,""
Kurtziella,Mangeliidae,Neogastropoda,Gastropoda,Mollusca,""
Labrundinia,Chironomidae,Diptera,Insecta,Arthropoda,Labrundinia.Nilotanypus
Labrundinia.Nilotanypus,Chironomidae,Diptera,Insecta,Arthropoda,""
Laccobius,Hydrophilidae,Coleoptera,Insecta,Arthropoda,""
Laccophilus,Dytiscidae,Coleoptera,Insecta,Arthropoda,""
Lacuna,Littorinidae,Littorinimorpha,Gastropoda,Mollusca,""
Ladona,Libellulidae,Odonata,Insecta,Arthropoda,""
Laeonereis,Nereididae,Phyllodocida,Polychaeta,Annelida,""
Laevapex,Planorbidae,incertae sedis,Gastropoda,Mollusca,""
Laevicardium,Cardiidae,Cardiida,Bivalvia,Mollusca,""
Lanassa,Terebellidae,Terebellida,Polychaeta,Annelida,""
Lanthus,Gomphidae,Odonata,Insecta,Arthropoda,""
Laonice,Spionidae,Spionida,Polychaeta,Annelida,""
Laonome,Sabellidae,Sabellida,Polychaeta,Annelida,""
Lara,Elmidae,Coleoptera,Insecta,Arthropoda,""
Larsia,Chironomidae,Diptera,Insecta,Arthropoda,""
Latreutes,Hippolytidae,Decapoda,Malacostraca,Arthropoda,""
Lauterborniella,Chironomidae,Diptera,Insecta,Arthropoda,""
Lembos,Aoridae,Amphipoda,Malacostraca,Arthropoda,""
Lepidactylus,Haustoriidae,Amphipoda,Malacostraca,Arthropoda,""
Lepidasthenia,Polynoidae,Phyllodocida,Polychaeta,Annelida,""
Lepidonotus,Polynoidae,Phyllodocida,Polychaeta,Annelida,""
Lepidophthalmus,Lepidophthalmidae,Stygiomysida,Malacostraca,Arthropoda,""
Lepidostoma,Lepidostomatidae,Trichoptera,Insecta,Arthropoda,""
Leptocerus,Leptoceridae,Trichoptera,Insecta,Arthropoda,""
Leptocheirus,Corophiidae,Amphipoda,Malacostraca,Arthropoda,""
Leptochela,Pasiphaeidae,Decapoda,Malacostraca,Arthropoda,""
Leptochelia,Leptocheliidae,Tanaidacea,Malacostraca,Arthropoda,""
Leptosynapta,Synaptidae,Apodida,Holothuroidea,Echinodermata,""
Leptoxis,Pleuroceridae,Caenogastropoda,Gastropoda,Mollusca,""
Lestes,Lestidae,Odonata,Insecta,Arthropoda,""
Leucorrhinia,Libellulidae,Odonata,Insecta,Arthropoda,""
Leucothoe,Leucothoidae,Amphipoda,Malacostraca,Arthropoda,""
Leucotrichia.Zumatrichia,Hydroptilidae,Trichoptera,Insecta,Arthropoda,""
Leuctra,Leuctridae,Plecoptera,Insecta,Arthropoda,""
Leukoma,Veneridae,Venerida,Bivalvia,Mollusca,""
Libellula,Libellulidae,Odonata,Insecta,Arthropoda,Libellula.Plathemis
Libellula.Plathemis,Libellulidae,Odonata,Insecta,Arthropoda,""
Libinia,Epialtidae,Decapoda,Malacostraca,Arthropoda,""
Limecola,Tellinidae,Cardiida,Bivalvia,Mollusca,""
Limnephilus,Limnephilidae,Trichoptera,Insecta,Arthropoda,""
Limnophila,Limonidae,Diptera,Insecta,Arthropoda,""
Limnophora,Muscidae,Diptera,Insecta,Arthropoda,""
Limnophyes,Chironomidae,Diptera,Insecta,Arthropoda,""
Limnoria,Limnoriidae,Isopoda,Malacostraca,Arthropoda,""
Lineus,Lineidae,Heteronemertea,Pilidiophora,Nemertea,""
Linopherus,Amphinomidae,Amphinomida,Polychaeta,Annelida,""
Lioberus,Mytilidae,Mytilida,Bivalvia,Mollusca,""
Liodessus,Dytiscidae,Coleoptera,Insecta,Arthropoda,""
Lipiniella,Chironomidae,Diptera,Hexapoda,Arthropoda,""
Lirceus,Asellidae,Isopoda,Malacostraca,Arthropoda,""
Lirobittium,Cerithiidae,Caenogastropoda,Gastropoda,Mollusca,""
Littoridinops,Cochliopidae,Littorinimorpha,Gastropoda,Mollusca,""
Littorina,Littorinidae,Littorinimorpha,Gastropoda,Mollusca,""
Loimia,Terebellidae,Terebellida,Polychaeta,Annelida,""
Longchaeus,Pyramidellidae,incertae sedis,Gastropoda,Mollusca,""
Lopescladius,Chironomidae,Diptera,Insecta,Arthropoda,""
Lophopanopeus,Panopeidae,Decapoda,Malacostraca,Arthropoda,""
Lucina,Lucinidae,Lucinida,Bivalvia,Mollusca,""
Lucinisca,Lucinidae,Lucinida,Bivalvia,Mollusca,""
Lucinoma,Lucinidae,Lucinida,Bivalvia,Mollusca,""
Lumbrinerides,Lumbrineridae,Eunicida,Polychaeta,Annelida,""
Lumbrineris,Lumbrineridae,Eunicida,Polychaeta,Annelida,""
Lunarca,Arcidae,Arcida,Bivalvia,Mollusca,""
Lunatia,Naticidae,Littorinimorpha,Gastropoda,Mollusca,""
Lutrochus,Lutrochidae,Coleoptera,Insecta,Arthropoda,""
Lymnaea,Lymnaeidae,incertae sedis,Gastropoda,Mollusca,""
Lyonsia,Lyonsiidae,incertae sedis,Bivalvia,Mollusca,""
Lype,Psychomyiidae,Trichoptera,Insecta,Arthropoda,""
Lysianopsis,Lysianassidae,Amphipoda,Malacostraca,Arthropoda,""
Lysidice,Eunicidae,Eunicida,Polychaeta,Annelida,""
Lysilla,Terebellidae,Terebellida,Polychaeta,Annelida,""
Lysippe,Thoridae,Decapoda,Malacostraca,Arthropoda,""
Macoma,Tellinidae,Cardiida,Bivalvia,Mollusca,""
Macoploma,Tellinidae,Cardiida,Bivalvia,Mollusca,""
Macromia,Macromiidae,Odonata,Insecta,Arthropoda,""
Macronychus,Elmidae,Coleoptera,Insecta,Arthropoda,""
Macropelopia,Chironomidae,Diptera,Insecta,Arthropoda,""
Macrostemum,Hydropsychidae,Trichoptera,Insecta,Arthropoda,""
Mactrella,Mactridae,Venerida,Bivalvia,Mollusca,""
Mactromeris,Mactridae,Venerida,Bivalvia,Mollusca,""
Mactrotoma,Mactridae,Venerida,Bivalvia,Mollusca,""
Maculaura,Lineidae,Heteronemertea,Pilidiophora,Nemertea,""
Maera,Tellinidae,Cardiida,Bivalvia,Mollusca,""
Magelona,Magelonidae,incertae sedis,Polychaeta,Annelida,""
Malacoceros,Spionidae,Spionida,Polychaeta,Annelida,""
Malenka,Nemouridae,Plecoptera,Insecta,Arthropoda,""
Malmgreniella,Polynoidae,Phyllodocida,Polychaeta,Annelida,""
Manayunkia,Fabriciidae,Sabellida,Polychaeta,Annelida,""
Mandibulophoxus,Phoxocephalidae,Amphipoda,Malacostraca,Arthropoda,""
Marenzelleria,Spionidae,Spionida,Polychaeta,Annelida,""
Margarites,Trochidae,Trochida,Gastropoda,Mollusca,""
Marginella,Marginellidae,Neogastropoda,Gastropoda,Mollusca,""
Marilia,Odontoceridae,Trichoptera,Insecta,Arthropoda,""
Marphysa,Eunicidae,Eunicida,Polychaeta,Annelida,""
Marstonia,Hydrobiidae,Littorinimorpha,Gastropoda,Mollusca,""
Maruina,Psychodidae,Diptera,Insecta,Arthropoda,""
Mayatrichia,Hydroptilidae,Trichoptera,Insecta,Arthropoda,""
Mayerella,Caprellidae,Amphipoda,Malacostraca,Arthropoda,""
Megamoera,Melitidae,Amphipoda,Malacostraca,Arthropoda,""
Megarcys,Perlodidae,Plecoptera,Insecta,Arthropoda,""
Megasyllis,Syllidae,Phyllodocida,Polychaeta,Annelida,""
Megayoldia,Yoldiidae,Nuculanida,Bivalvia,Mollusca,""
Meioceras,Caecidae,Littorinimorpha,Gastropoda,Mollusca,""
Melanella,Circulinidae,incertae sedis,Ostracoda,Arthropoda,""
Melanochlamys,Aglajidae,Cephalaspidea,Gastropoda,Mollusca,""
Melanoides,Thiaridae,Caenogastropoda,Gastropoda,Mollusca,""
Melinna,Melinnidae,Terebellida,Polychaeta,Annelida,""
Melita,Melitidae,Amphipoda,Malacostraca,Arthropoda,""
Mellita,Mellitidae,Echinolampadacea,Echinoidea,Echinodermata,""
Menetus,Planorbidae,incertae sedis,Gastropoda,Mollusca,Menetus.Micromenetus
Menetus.Micromenetus,Planorbidae,incertae sedis,Gastropoda,Mollusca,""
Mercenaria,Veneridae,Venerida,Bivalvia,Mollusca,""
Meringodixa,Dixidae,Diptera,Insecta,Arthropoda,""
Mesanthura,Anthuridae,Isopoda,Malacostraca,Arthropoda,""
Mesocrangon,Crangonidae,Decapoda,Malacostraca,Arthropoda,""
Mesokalliapseudes,Kalliapseudidae,Tanaidacea,Malacostraca,Arthropoda,""
Metacaprella,Caprellidae,Amphipoda,Malacostraca,Arthropoda,""
Metacarcinus,Cancridae,Decapoda,Malacostraca,Arthropoda,""
Metaphoxus,Phoxocephalidae,Amphipoda,Malacostraca,Arthropoda,""
Metatiron,Synopiidae,Amphipoda,Malacostraca,Arthropoda,""
Metharpinia,Phoxocephalidae,Amphipoda,Malacostraca,Arthropoda,""
Metopa,Stenothoidae,Amphipoda,Malacostraca,Arthropoda,""
Metopella,Stenothoidae,Amphipoda,Malacostraca,Arthropoda,""
Metriocnemus,Chironomidae,Diptera,Insecta,Arthropoda,""
Meximaera,Maeridae,Amphipoda,Malacostraca,Arthropoda,""
Micrasema,Brachycentridae,Trichoptera,Insecta,Arthropoda,""
Microchironomus,Chironomidae,Diptera,Insecta,Arthropoda,""
Microcylloepus,Elmidae,Coleoptera,Insecta,Arthropoda,""
Microdeutopus,Aoridae,Amphipoda,Malacostraca,Arthropoda,""
Micromenetus,Planorbidae,incertae sedis,Gastropoda,Mollusca,Menetus.Micromenetus
Microphiopholis,Amphiuridae,Amphilepidida,Ophiuroidea,Echinodermata,""
Microphthalmus,Microphthalmidae,Phyllodocida,Polychaeta,Annelida,""
Micropodarke,Hesionidae,Phyllodocida,Polychaeta,Annelida,""
Microprotopus,Microprotopidae,Amphipoda,Malacostraca,Arthropoda,""
Microspio,Spionidae,Spionida,Polychaeta,Annelida,""
Microtendipes,Chironomidae,Diptera,Insecta,Arthropoda,""
Micrura,Lineidae,Heteronemertea,Pilidiophora,Nemertea,""
Mitrella,Mitridae,Neogastropoda,Gastropoda,Mollusca,""
Modiolus,Mytilidae,Mytilida,Bivalvia,Mollusca,""
Molanna,Molannidae,Trichoptera,Insecta,Arthropoda,""
Molgula,Molgulidae,Stolidobranchia,Ascidiacea,Chordata,""
Monocorophium,Corophiidae,Amphipoda,Malacostraca,Arthropoda,""
Monoculodes,Oedicerotidae,Amphipoda,Malacostraca,Arthropoda,""
Monodiamesa,Chironomidae,Diptera,Insecta,Arthropoda,""
Monoporeia,Pontoporeiidae,Amphipoda,Malacostraca,Arthropoda,""
Mooreonuphis,Onuphidae,Eunicida,Polychaeta,Annelida,""
Moselia,Leuctridae,Plecoptera,Insecta,Arthropoda,""
Mulinia,Mactridae,Venerida,Bivalvia,Mollusca,""
Munna,Munnidae,Isopoda,Malacostraca,Arthropoda,""
Munnogonium,Paramunnidae,Isopoda,Malacostraca,Arthropoda,""
Musculus,Mytilidae,Mytilida,Bivalvia,Mollusca,""
Mya,Myidae,Myida,Bivalvia,Mollusca,""
Myrianida,Syllidae,Phyllodocida,Polychaeta,Annelida,""
Myriochele,Oweniidae,incertae sedis,Polychaeta,Annelida,""
Mysella,Lasaeidae,Galeommatida,Bivalvia,Mollusca,""
Mysidopsis,Mysidae,Mysida,Malacostraca,Arthropoda,""
Mystacides,Leptoceridae,Trichoptera,Insecta,Arthropoda,""
Mystides,Phyllodocidae,Phyllodocida,Polychaeta,Annelida,""
Mytilopsis,Dreissenidae,Myida,Bivalvia,Mollusca,""
Mytilus,Mytilidae,Mytilida,Bivalvia,Mollusca,""
Nanocladius,Chironomidae,Diptera,Insecta,Arthropoda,""
Narpus,Elmidae,Coleoptera,Insecta,Arthropoda,""
Nasiaeschna,Aeshnidae,Odonata,Insecta,Arthropoda,""
Nassarius,Nassariidae,Neogastropoda,Gastropoda,Mollusca,""
Natarsia,Chironomidae,Diptera,Insecta,Arthropoda,""
Neaeromya,Lasaeidae,Galeommatida,Bivalvia,Mollusca,""
Neanthes,Nereididae,Phyllodocida,Polychaeta,Annelida,""
Nebalia,Nebaliidae,Leptostraca,Malacostraca,Arthropoda,""
Nebrioporus,Dytiscidae,Coleoptera,Insecta,Arthropoda,Nebrioporus.Stictotarsus
Nebrioporus.Stictotarsus,Dytiscidae,Coleoptera,Insecta,Arthropoda,""
Nectopsyche,Leptoceridae,Trichoptera,Insecta,Arthropoda,""
Nemocardium,Cardiidae,Cardiida,Bivalvia,Mollusca,""
Nemotelus,Stratiomyidae,Diptera,Insecta,Arthropoda,""
Neogyptis,Hesionidae,Phyllodocida,Polychaeta,Annelida,""
Neomysis,Mysidae,Mysida,Malacostraca,Arthropoda,""
Neopanope,Panopeidae,Decapoda,Malacostraca,Arthropoda,""
Neoperla,Perlidae,Plecoptera,Insecta,Arthropoda,""
Neophylax,Thremmatidae,Trichoptera,Insecta,Arthropoda,""
Neoplasta,Empididae,Diptera,Insecta,Arthropoda,""
Neoplea,Pleidae,Hemiptera,Insecta,Arthropoda,""
Neoporus,Dytiscidae,Coleoptera,Insecta,Arthropoda,""
Neosabellaria,Sabellariidae,incertae sedis,Polychaeta,Annelida,""
Neostempellina,Chironomidae,Diptera,Insecta,Arthropoda,Neostempellina.Stempellina
Neostempellina.Stempellina,Chironomidae,Diptera,Insecta,Arthropoda,""
Neothremma,Uenoidae,Trichoptera,Insecta,Arthropoda,""
Neotrichia,Hydroptilidae,Trichoptera,Insecta,Arthropoda,""
Neotrypaea,Callianassidae,Decapoda,Malacostraca,Arthropoda,""
Nephtys,Nephtyidae,Phyllodocida,Polychaeta,Annelida,""
Nereiphylla,Phyllodocidae,Phyllodocida,Polychaeta,Annelida,""
Nereis,Nereididae,Phyllodocida,Polychaeta,Annelida,""
Neureclipsis,Polycentropodidae,Trichoptera,Insecta,Arthropoda,""
Neurocordulia,Corduliidae,Odonata,Insecta,Arthropoda,""
Neverita,Naticidae,Littorinimorpha,Gastropoda,Mollusca,""
Nigronia,Corydalidae,Megaloptera,Insecta,Arthropoda,""
Nilotanypus,Chironomidae,Diptera,Insecta,Arthropoda,Labrundinia.Nilotanypus
Nilothauma,Chironomidae,Diptera,Insecta,Arthropoda,""
Ninoe,Lumbrineridae,Eunicida,Polychaeta,Annelida,""
Notocirrus,Oenonidae,Eunicida,Polychaeta,Annelida,""
Notoplana,Notoplanidae,Polycladida,incertae sedis,Platyhelminthes,""
Nucula,Nuculidae,Nuculida,Bivalvia,Mollusca,""
Nuculana,Nuculanidae,Nuculanida,Bivalvia,Mollusca,""
Nutricola,Veneridae,Venerida,Bivalvia,Mollusca,""
Nyctiophylax,Polycentropodidae,Trichoptera,Insecta,Arthropoda,""
Obelia,Tubuliporidae,Cyclostomatida,Stenolaemata,Bryozoa,""
Ochrotrichia,Hydroptilidae,Trichoptera,Insecta,Arthropoda,""
Ochthebius,Hydraenidae,Coleoptera,Insecta,Arthropoda,""
Octogomphus,Gomphidae,Odonata,Insecta,Arthropoda,""
Odontomesa,Chironomidae,Diptera,Insecta,Arthropoda,""
Odontomyia,Stratiomyidae,Diptera,Insecta,Arthropoda,Hedriodiscus.Odontomyia
Odontosyllis,Syllidae,Phyllodocida,Polychaeta,Annelida,""
Odostomia,Pyramidellidae,incertae sedis,Gastropoda,Mollusca,""
Oecetis,Leptoceridae,Trichoptera,Insecta,Arthropoda,""
Oenopota,Mangeliidae,Neogastropoda,Gastropoda,Mollusca,""
Ogyrides,Ogyrididae,Decapoda,Malacostraca,Arthropoda,""
Oligophlebodes,Thremmatidae,Trichoptera,Insecta,Arthropoda,""
Olivella,Olividae,Neogastropoda,Gastropoda,Mollusca,""
Omisus,Chironomidae,Diptera,Insecta,Arthropoda,""
Onoba,Rissoidae,Littorinimorpha,Gastropoda,Mollusca,""
Onocosmoecus,Limnephilidae,Trichoptera,Insecta,Arthropoda,""
Onuphis,Onuphidae,Eunicida,Polychaeta,Annelida,""
Ophiactis,Ophiactidae,Amphilepidida,Ophiuroidea,Echinodermata,""
Ophioderma,Ophiodermatidae,Ophiacanthida,Ophiuroidea,Echinodermata,""
Ophiogomphus,Gomphidae,Odonata,Insecta,Arthropoda,Erpetogomphus.Ophiogomphus
Ophiolepis,Ophiolepididae,Amphilepidida,Ophiuroidea,Echinodermata,""
Ophiophragmus,Amphiuridae,Amphilepidida,Ophiuroidea,Echinodermata,""
Ophiura,Ophiuridae,Ophiurida,Ophiuroidea,Echinodermata,""
Ophryotrocha,Dorvilleidae,Eunicida,Polychaeta,Annelida,""
Opisthosyllis,Syllidae,Phyllodocida,Polychaeta,Annelida,""
Optioservus,Elmidae,Coleoptera,Insecta,Arthropoda,""
Orchomene,Tryphosidae,Amphipoda,Malacostraca,Arthropoda,""
Orchomenella,Tryphosidae,Amphipoda,Malacostraca,Arthropoda,""
Orconectes,Cambaridae,Decapoda,Malacostraca,Arthropoda,""
Ordobrevia,Elmidae,Coleoptera,Insecta,Arthropoda,""
Oregonia,Oregoniidae,Decapoda,Malacostraca,Arthropoda,""
Oreodytes,Dytiscidae,Coleoptera,Insecta,Arthropoda,""
Oreogeton,Empididae,Diptera,Insecta,Arthropoda,""
Ormosia,Limonidae,Diptera,Insecta,Arthropoda,""
Orohermes,Corydalidae,Megaloptera,Insecta,Arthropoda,""
Orthocladius,Chironomidae,Diptera,Insecta,Arthropoda,Cricotopus.Orthocladius
Orthotrichia,Hydroptilidae,Trichoptera,Insecta,Arthropoda,""
Oulimnius,Elmidae,Coleoptera,Insecta,Arthropoda,""
Ovalipes,Ovalipidae,Decapoda,Malacostraca,Arthropoda,""
Owenia,Oweniidae,incertae sedis,Polychaeta,Annelida,""
Oxydromus,Hesionidae,Phyllodocida,Polychaeta,Annelida,""
Oxyethira,Hydroptilidae,Trichoptera,Insecta,Arthropoda,""
Pachydiplax,Libellulidae,Odonata,Insecta,Arthropoda,""
Pacifastacus,Astacidae,Decapoda,Malacostraca,Arthropoda,""
Pacifoculodes,Oedicerotidae,Amphipoda,Malacostraca,Arthropoda,""
Pagastia,Chironomidae,Diptera,Insecta,Arthropoda,""
Pagastiella,Chironomidae,Diptera,Insecta,Arthropoda,""
Paguristes,Diogenidae,Decapoda,Malacostraca,Arthropoda,""
Pagurotanais,Pagurapseudidae,Tanaidacea,Malacostraca,Arthropoda,""
Pagurus,Paguridae,Decapoda,Malacostraca,Arthropoda,""
Palaemon,Palaemonidae,Decapoda,Malacostraca,Arthropoda,""
Paleanotus,Chrysopetalidae,Phyllodocida,Polychaeta,Annelida,""
Pandora,Pandoridae,incertae sedis,Bivalvia,Mollusca,""
Panopeus,Panopeidae,Decapoda,Malacostraca,Arthropoda,""
Paracapnia,Capniidae,Plecoptera,Insecta,Arthropoda,""
Paracaprella,Caprellidae,Amphipoda,Malacostraca,Arthropoda,""
Paracerceis,Sphaeromatidae,Isopoda,Malacostraca,Arthropoda,""
Parachaetocladius,Chironomidae,Diptera,Insecta,Arthropoda,""
Parachironomus,Chironomidae,Diptera,Insecta,Arthropoda,""
Paracladius,Chironomidae,Diptera,Insecta,Arthropoda,""
Paracladopelma,Chironomidae,Diptera,Insecta,Arthropoda,""
Paracorophium,Corophiidae,Amphipoda,Malacostraca,Arthropoda,""
Paracymus,Hydrophilidae,Coleoptera,Insecta,Arthropoda,""
Paradexamine,Dexaminidae,Amphipoda,Malacostraca,Arthropoda,""
Paradialychone,Sabellidae,Sabellida,Polychaeta,Annelida,""
Paraedwardsia,Edwardsiidae,Actiniaria,Hexacorallia,Cnidaria,""
Parahaustorius,Haustoriidae,Amphipoda,Malacostraca,Arthropoda,""
Parahesione,Hesionidae,Phyllodocida,Polychaeta,Annelida,""
Parakiefferiella,Chironomidae,Diptera,Insecta,Arthropoda,""
Paralauterborniella,Chironomidae,Diptera,Insecta,Arthropoda,""
Paraleuctra,Leuctridae,Plecoptera,Insecta,Arthropoda,""
Paramerina,Chironomidae,Diptera,Insecta,Arthropoda,Paramerina.Zavrelimyia
Paramerina.Zavrelimyia,Chironomidae,Diptera,Insecta,Arthropoda,""
Parametopella,Stenothoidae,Amphipoda,Malacostraca,Arthropoda,""
Parametriocnemus,Chironomidae,Diptera,Insecta,Arthropoda,""
Paramicrodeutopus,Aoridae,Amphipoda,Malacostraca,Arthropoda,""
Paramphinome,Amphinomidae,Amphinomida,Polychaeta,Annelida,""
Paranaitis,Phyllodocidae,Phyllodocida,Polychaeta,Annelida,""
Paranebalia,Paranebaliidae,Leptostraca,Malacostraca,Arthropoda,""
Paranemertes,Neesiidae,Monostilifera,Hoplonemertea,Nemertea,""
Paranthura,Paranthuridae,Isopoda,Malacostraca,Arthropoda,""
Paraperla,Chloroperlidae,Plecoptera,Insecta,Arthropoda,""
Paraphaenocladius,Chironomidae,Diptera,Insecta,Arthropoda,""
Paraphoxus,Phoxocephalidae,Amphipoda,Malacostraca,Arthropoda,""
Parapionosyllis,Syllidae,Phyllodocida,Polychaeta,Annelida,""
Parapoynx,Crambidae,Lepidoptera,Insecta,Arthropoda,""
Paraprionospio,Spionidae,Spionida,Polychaeta,Annelida,""
Parapsyche,Hydropsychidae,Trichoptera,Insecta,Arthropoda,""
Parasabella,Sabellidae,Sabellida,Polychaeta,Annelida,""
Parastarte,Veneridae,Venerida,Bivalvia,Mollusca,""
Paratanytarsus,Chironomidae,Diptera,Insecta,Arthropoda,""
Paratendipes,Chironomidae,Diptera,Insecta,Arthropoda,""
Parathemisto,Hyperiidae,Amphipoda,Malacostraca,Arthropoda,""
Parexogone,Syllidae,Phyllodocida,Polychaeta,Annelida,""
Parochlus,Chironomidae,Diptera,Hexapoda,Arthropoda,""
Parorthocladius,Chironomidae,Diptera,Insecta,Arthropoda,""
Parougia,Dorvilleidae,Eunicida,Polychaeta,Annelida,""
Parvanachis,Columbellidae,Neogastropoda,Gastropoda,Mollusca,""
Parvicardium,Cardiidae,Cardiida,Bivalvia,Mollusca,""
Parvilucina,Lucinidae,Lucinida,Bivalvia,Mollusca,""
Pectinaria,Pectinariidae,Terebellida,Polychaeta,Annelida,""
Pedicia,Pediciidae,Diptera,Insecta,Arthropoda,""
Pedomoecus,Apataniidae,Trichoptera,Insecta,Arthropoda,""
Pelocoris,Naucoridae,Hemiptera,Insecta,Arthropoda,""
Peltodytes,Haliplidae,Coleoptera,Insecta,Arthropoda,""
Peltoperla,Peltoperlidae,Plecoptera,Insecta,Arthropoda,""
Pentamera,Phyllophoridae,Dendrochirotida,Holothuroidea,Echinodermata,""
Pentaneura,Chironomidae,Diptera,Insecta,Arthropoda,""
Pentidotea,Idoteidae,Isopoda,Malacostraca,Arthropoda,""
Pericomaina,Psychodidae,Diptera,Insecta,Arthropoda,""
Periploma,Periplomatidae,incertae sedis,Bivalvia,Mollusca,""
Perithemis,Libellulidae,Odonata,Insecta,Arthropoda,""
Perlesta,Perlidae,Plecoptera,Insecta,Arthropoda,""
Perlinella,Perlidae,Plecoptera,Insecta,Arthropoda,""
Perlinodes,Perlodidae,Plecoptera,Insecta,Arthropoda,""
Petricolaria,Veneridae,Venerida,Bivalvia,Mollusca,""
Petrophila,Crambidae,Lepidoptera,Insecta,Arthropoda,""
Pettiboneia,Dorvilleidae,Eunicida,Polychaeta,Annelida,""
Phaenopsectra,Chironomidae,Diptera,Insecta,Arthropoda,Phaenopsectra.Tribelos
Phaenopsectra.Tribelos,Chironomidae,Diptera,Insecta,Arthropoda,""
Phascolion,Golfingiidae,Sipuncula,incertae sedis,Annelida,""
Pherusa,Flabelligeridae,Terebellida,Polychaeta,Annelida,""
Philine,Philinidae,Cephalaspidea,Gastropoda,Mollusca,""
Pholoe,Sigalionidae,Phyllodocida,Polychaeta,Annelida,""
Pholoides,Sigalionidae,Phyllodocida,Polychaeta,Annelida,""
Photis,Photidae,Amphipoda,Malacostraca,Arthropoda,""
Phoxocephalus,Phoxocephalidae,Amphipoda,Malacostraca,Arthropoda,""
Phrontis,Nassariidae,Neogastropoda,Gastropoda,Mollusca,""
Phryganea,Phryganeidae,Trichoptera,Insecta,Arthropoda,""
Phyllodoce,Phyllodocidae,Phyllodocida,Polychaeta,Annelida,""
Phylocentropus,Dipseudopsidae,Trichoptera,Insecta,Arthropoda,""
Physa,Physidae,incertae sedis,Gastropoda,Mollusca,""
Physella,Spiraxidae,Stylommatophora,Gastropoda,Mollusca,""
Pilargis,Pilargidae,Phyllodocida,Polychaeta,Annelida,""
Pilaria,Limonidae,Diptera,Insecta,Arthropoda,""
Pinnixa,Pinnotheridae,Decapoda,Malacostraca,Arthropoda,""
Pinnotheres,Pinnotheridae,Decapoda,Malacostraca,Arthropoda,""
Pionosyllis,Syllidae,Phyllodocida,Polychaeta,Annelida,""
Piromis,Flabelligeridae,Terebellida,Polychaeta,Annelida,""
Pisidium,Sphaeriidae,Sphaeriida,Bivalvia,Mollusca,""
Pista,Terebellidae,Terebellida,Polychaeta,Annelida,""
Pitar,Veneridae,Venerida,Bivalvia,Mollusca,""
Pitho,Mithracidae,Decapoda,Malacostraca,Arthropoda,""
Planorbella,Planorbidae,incertae sedis,Gastropoda,Mollusca,Planorbella.Planorbula
Planorbella.Planorbula,Planorbidae,incertae sedis,Gastropoda,Mollusca,""
Planorbula,Planorbidae,incertae sedis,Gastropoda,Mollusca,Planorbella.Planorbula
Plathemis,Libellulidae,Odonata,Insecta,Arthropoda,Libellula.Plathemis
Platynereis,Nereididae,Phyllodocida,Polychaeta,Annelida,""
Plesiolembos,Aoridae,Amphipoda,Malacostraca,Arthropoda,""
Pleurocera,Pleuroceridae,Caenogastropoda,Gastropoda,Mollusca,Elimia.Pleurocera
Pleurogonium,Paramunnidae,Isopoda,Malacostraca,Arthropoda,""
Pleuromeris,Carditidae,Carditida,Bivalvia,Mollusca,""
Pleusymtes,Pleustidae,Amphipoda,Malacostraca,Arthropoda,""
Podarkeopsis,Hesionidae,Phyllodocida,Polychaeta,Annelida,""
Podocerus,Podoceridae,Amphipoda,Malacostraca,Arthropoda,""
Poecilochaetus,Poecilochaetidae,Spionida,Polychaeta,Annelida,""
Polinices,Naticidae,Littorinimorpha,Gastropoda,Mollusca,""
Politolana,Cirolanidae,Isopoda,Malacostraca,Arthropoda,""
Polycelis,Planariidae,Tricladida,incertae sedis,Platyhelminthes,""
Polycentropus,Polycentropodidae,Trichoptera,Insecta,Arthropoda,""
Polycirrus,Terebellidae,Terebellida,Polychaeta,Annelida,""
Polydora,Spionidae,Spionida,Polychaeta,Annelida,""
Polyodontes,Acoetidae,Phyllodocida,Polychaeta,Annelida,""
Polypedilum,Chironomidae,Diptera,Insecta,Arthropoda,""
Pomacea,Ampullariidae,Architaenioglossa,Gastropoda,Mollusca,""
Pontogeneia,Pontogeneiidae,Amphipoda,Malacostraca,Arthropoda,""
Potamilla,Sabellidae,Sabellida,Polychaeta,Annelida,""
Potamocorbula,Corbulidae,Myida,Bivalvia,Mollusca,""
Potamopyrgus,Tateidae,Littorinimorpha,Gastropoda,Mollusca,""
Potamyia,Hydropsychidae,Trichoptera,Insecta,Arthropoda,""
Potthastia,Chironomidae,Diptera,Insecta,Arthropoda,""
Prachynella,Pakynidae,Amphipoda,Malacostraca,Arthropoda,""
Prionospio,Spionidae,Spionida,Polychaeta,Annelida,""
Probezzia,Ceratopogonidae,Diptera,Insecta,Arthropoda,""
Probythinella,Hydrobiidae,Littorinimorpha,Gastropoda,Mollusca,""
Procambarus,Cambaridae,Decapoda,Malacostraca,Arthropoda,""
Proceraea,Syllidae,Phyllodocida,Polychaeta,Annelida,""
Processa,Processidae,Decapoda,Malacostraca,Arthropoda,""
Procladius,Chironomidae,Diptera,Insecta,Arthropoda,""
Prodiamesa,Chironomidae,Diptera,Insecta,Arthropoda,""
Progomphus,Gomphidae,Odonata,Insecta,Arthropoda,""
Promenetus,Planorbidae,incertae sedis,Gastropoda,Mollusca,""
Prosphaerosyllis,Syllidae,Phyllodocida,Polychaeta,Annelida,""
Prostoma,Prostomatidae,Monostilifera,Hoplonemertea,Nemertea,""
Protanypus,Chironomidae,Diptera,Insecta,Arthropoda,""
Protodorvillea,Dorvilleidae,Eunicida,Polychaeta,Annelida,""
Protohaustorius,Haustoriidae,Amphipoda,Malacostraca,Arthropoda,""
Protohyale,Hyalidae,Amphipoda,Malacostraca,Arthropoda,""
Protomedeia,Corophiidae,Amphipoda,Malacostraca,Arthropoda,""
Protoplasa,Tanyderidae,Diptera,Insecta,Arthropoda,""
Prunum,Marginellidae,Neogastropoda,Gastropoda,Mollusca,""
Psammonyx,Tryphosidae,Amphipoda,Malacostraca,Arthropoda,""
Psectrocladius,Chironomidae,Diptera,Insecta,Arthropoda,""
Psectrotanypus,Chironomidae,Diptera,Insecta,Arthropoda,""
Psephenus,Psephenidae,Coleoptera,Insecta,Arthropoda,""
Pseudochironomus,Chironomidae,Diptera,Insecta,Arthropoda,""
Pseudodiamesa,Chironomidae,Diptera,Insecta,Arthropoda,""
Pseudofabriciola,Fabriciidae,Sabellida,Polychaeta,Annelida,""
Pseudomma,Mysidae,Mysida,Malacostraca,Arthropoda,""
Pseudopolydora,Spionidae,Spionida,Polychaeta,Annelida,""
Pseudopotamilla,Sabellidae,Sabellida,Polychaeta,Annelida,""
Pseudorthocladius,Chironomidae,Diptera,Insecta,Arthropoda,""
Pseudosmittia,Chironomidae,Diptera,Insecta,Arthropoda,""
Pseudosuccinea,Lymnaeidae,incertae sedis,Gastropoda,Mollusca,""
Pseudotanais,Pseudotanaidae,Tanaidacea,Malacostraca,Arthropoda,""
Pseudunciola,Unciolidae,Amphipoda,Malacostraca,Arthropoda,""
Psilotreta,Odontoceridae,Trichoptera,Insecta,Arthropoda,""
Psychoda,Psychodidae,Diptera,Insecta,Arthropoda,""
Psychoglypha,Limnephilidae,Trichoptera,Insecta,Arthropoda,""
Psychomyia,Psychomyiidae,Trichoptera,Insecta,Arthropoda,""
Pteronarcella,Pteronarcyidae,Plecoptera,Insecta,Arthropoda,""
Pteronarcys,Pteronarcyidae,Plecoptera,Insecta,Arthropoda,""
Ptilanthura,Anthuridae,Isopoda,Malacostraca,Arthropoda,""
Ptilosarcus,Pennatulidae,Scleralcyonacea,Octocorallia,Cnidaria,""
Ptilostomis,Phryganeidae,Trichoptera,Insecta,Arthropoda,""
Ptychoptera,Ptychopteridae,Diptera,Insecta,Arthropoda,""
Pulsellum,Pulsellidae,Gadilida,Scaphopoda,Mollusca,""
Pycnopsyche,Limnephilidae,Trichoptera,Insecta,Arthropoda,""
Pygospio,Spionidae,Spionida,Polychaeta,Annelida,""
Pyrgophorus,Cochliopidae,Littorinimorpha,Gastropoda,Mollusca,""
Pyromaia,Inachoididae,Decapoda,Malacostraca,Arthropoda,""
Pythinella,Lasaeidae,Galeommatida,Bivalvia,Mollusca,""
Radiolucina,Lucinidae,Lucinida,Bivalvia,Mollusca,""
Radix,Lymnaeidae,incertae sedis,Gastropoda,Mollusca,""
Radotanypus,Chironomidae,Diptera,Insecta,Arthropoda,""
Ramellogammarus,Anisogammaridae,Amphipoda,Malacostraca,Arthropoda,""
Ranatra,Nepidae,Hemiptera,Insecta,Arthropoda,""
Rangia,Mactridae,Venerida,Bivalvia,Mollusca,""
Renilla,Renillidae,Scleralcyonacea,Octocorallia,Cnidaria,""
Reomyia,Chironomidae,Diptera,Insecta,Arthropoda,""
Retusa,Retusidae,Cephalaspidea,Gastropoda,Mollusca,""
Rhabdomastix,Limonidae,Diptera,Insecta,Arthropoda,""
Rhantus,Dytiscidae,Coleoptera,Hexapoda,Arthropoda,""
Rheocricotopus,Chironomidae,Diptera,Insecta,Arthropoda,""
Rheosmittia,Chironomidae,Diptera,Insecta,Arthropoda,""
Rhepoxynius,Phoxocephalidae,Amphipoda,Malacostraca,Arthropoda,""
Rhithropanopeus,Panopeidae,Decapoda,Malacostraca,Arthropoda,""
Rhyacophila,Rhyacophilidae,Trichoptera,Insecta,Arthropoda,""
Rhynchospio,Spionidae,Spionida,Polychaeta,Annelida,""
Rictaxis,Acteonidae,incertae sedis,Gastropoda,Mollusca,""
Rimapenaeus,Penaeidae,Decapoda,Malacostraca,Arthropoda,""
Robackia,Chironomidae,Diptera,Insecta,Arthropoda,""
Rochefortia,Lasaeidae,Galeommatida,Bivalvia,Mollusca,""
Rocinela,Aegidae,Isopoda,Malacostraca,Arthropoda,""
Roederiodes,Empididae,Diptera,Insecta,Arthropoda,""
Romaleon,Cancridae,Decapoda,Malacostraca,Arthropoda,""
Rudilemboides,Unciolidae,Amphipoda,Malacostraca,Arthropoda,""
Ruditapes,Veneridae,Venerida,Bivalvia,Mollusca,""
Sabella,Sabellidae,Sabellida,Polychaeta,Annelida,""
Sabellaria,Sabellariidae,incertae sedis,Polychaeta,Annelida,""
Saduria,Chaetiliidae,Isopoda,Malacostraca,Arthropoda,""
Saetheria,Chironomidae,Diptera,Insecta,Arthropoda,""
Saltipedis,Parapseudidae,Tanaidacea,Malacostraca,Arthropoda,""
Salvatoria,Syllidae,Phyllodocida,Polychaeta,Annelida,""
Saxidomus,Veneridae,Venerida,Bivalvia,Mollusca,""
Sayella,Pyramidellidae,incertae sedis,Gastropoda,Mollusca,""
Schistomeringos,Dorvilleidae,Eunicida,Polychaeta,Annelida,""
Schizobranchia,Sabellidae,Sabellida,Polychaeta,Annelida,""
Schwartziella,Strigeidae,Diplostomida,Trematoda,Platyhelminthes,""
Scissula,Tellinidae,Cardiida,Bivalvia,Mollusca,""
Scleroplax,Pinnotheridae,Decapoda,Malacostraca,Arthropoda,""
Scolanthus,Edwardsiidae,Actiniaria,Hexacorallia,Cnidaria,""
Scolelepis,Spionidae,Spionida,Polychaeta,Annelida,""
Scoletoma,Lumbrineridae,Eunicida,Polychaeta,Annelida,""
Seila,Cerithiopsidae,Caenogastropoda,Gastropoda,Mollusca,""
Semele,Semelidae,Cardiida,Bivalvia,Mollusca,""
Semelina,Semelidae,Cardiida,Bivalvia,Mollusca,""
Sergentia,Chironomidae,Diptera,Insecta,Arthropoda,""
Setodes,Leptoceridae,Trichoptera,Insecta,Arthropoda,""
Shoemakerella,Lysianassidae,Amphipoda,Malacostraca,Arthropoda,""
Sialis,Sialidae,Megaloptera,Insecta,Arthropoda,""
Sigalion,Sigalionidae,Phyllodocida,Polychaeta,Annelida,""
Sigambra,Pilargidae,Phyllodocida,Polychaeta,Annelida,""
Siliqua,Pharidae,Adapedonta,Bivalvia,Mollusca,""
Simulium,Simuliidae,Diptera,Insecta,Arthropoda,""
Sinelobus,Tanaididae,Tanaidacea,Malacostraca,Arthropoda,""
Sinocorophium,Corophiidae,Amphipoda,Malacostraca,Arthropoda,""
Siphlonurus,Siphlonuridae,Ephemeroptera,Insecta,Arthropoda,""
Sisyra,Sisyridae,Neuroptera,Insecta,Arthropoda,""
Skwala,Perlodidae,Plecoptera,Insecta,Arthropoda,""
Smicridea,Hydropsychidae,Trichoptera,Insecta,Arthropoda,""
Smittia,Chironomidae,Diptera,Insecta,Arthropoda,""
Solamen,Mytilidae,Mytilida,Bivalvia,Mollusca,""
Solariella,Solariellidae,Trochida,Gastropoda,Mollusca,""
Solemya,Solemyidae,Solemyida,Bivalvia,Mollusca,""
Solen,Solenidae,Adapedonta,Bivalvia,Mollusca,""
Somatochlora,Corduliidae,Odonata,Insecta,Arthropoda,""
Sphaerium,Sphaeriidae,Sphaeriida,Bivalvia,Mollusca,""
Sphaerodoridium,Sphaerodoridae,Phyllodocida,Polychaeta,Annelida,""
Sphaerodoropsis,Sphaerodoridae,Phyllodocida,Polychaeta,Annelida,""
Sphaerosyllis,Syllidae,Phyllodocida,Polychaeta,Annelida,""
Sphenia,Myidae,Myida,Bivalvia,Mollusca,""
Spio,Spionidae,Spionida,Polychaeta,Annelida,""
Spiophanes,Spionidae,Spionida,Polychaeta,Annelida,""
Spirontocaris,Thoridae,Decapoda,Malacostraca,Arthropoda,""
Spisula,Mactridae,Venerida,Bivalvia,Mollusca,""
Stactobiella,Hydroptilidae,Trichoptera,Hexapoda,Arthropoda,""
Stagnicola,Lymnaeidae,incertae sedis,Gastropoda,Mollusca,Fossaria.Stagnicola
Stempellina,Chironomidae,Diptera,Insecta,Arthropoda,Neostempellina.Stempellina
Stempellinella,Chironomidae,Diptera,Insecta,Arthropoda,Stempellinella.Zavrelia
Stempellinella.Zavrelia,Chironomidae,Diptera,Insecta,Arthropoda,""
Stenelmis,Elmidae,Coleoptera,Insecta,Arthropoda,""
Stenochironomus,Chironomidae,Diptera,Insecta,Arthropoda,Stenochironomus.Xestochironomus
Stenochironomus.Xestochironomus,Chironomidae,Diptera,Insecta,Arthropoda,""
Stenopleustes,Pleustidae,Amphipoda,Malacostraca,Arthropoda,""
Stenothoe,Stenothoidae,Amphipoda,Malacostraca,Arthropoda,""
Sternaspis,Sternaspidae,Terebellida,Polychaeta,Annelida,""
Sthenelais,Sigalionidae,Phyllodocida,Polychaeta,Annelida,""
Stictochironomus,Chironomidae,Diptera,Insecta,Arthropoda,""
Stictotarsus,Dytiscidae,Coleoptera,Insecta,Arthropoda,Nebrioporus.Stictotarsus
Stilocladius,Chironomidae,Diptera,Insecta,Arthropoda,""
Stratiomys,Stratiomyidae,Diptera,Insecta,Arthropoda,""
Streblosoma,Terebellidae,Terebellida,Polychaeta,Annelida,""
Streblospio,Spionidae,Spionida,Polychaeta,Annelida,""
Streptosyllis,Syllidae,Phyllodocida,Polychaeta,Annelida,""
Strigilla,Lucinidae,Lucinida,Bivalvia,Mollusca,""
Styela,Styelidae,Stolidobranchia,Ascidiacea,Chordata,""
Stygobromus,Crangonyctidae,Amphipoda,Malacostraca,Arthropoda,""
Stylatula,Virgulariidae,Pennatulacea,Anthozoa,Cnidaria,""
Stylochus,Stylochidae,Polycladida,incertae sedis,Platyhelminthes,""
Stylogomphus,Gomphidae,Odonata,Insecta,Arthropoda,""
Stylurus,Gomphidae,Odonata,Insecta,Arthropoda,""
Suphisellus,Noteridae,Coleoptera,Insecta,Arthropoda,""
Suwallia,Chloroperlidae,Plecoptera,Insecta,Arthropoda,""
Sweltsa,Chloroperlidae,Plecoptera,Insecta,Arthropoda,""
Syllides,Syllidae,Phyllodocida,Polychaeta,Annelida,""
Syllis,Syllidae,Phyllodocida,Polychaeta,Annelida,""
Sympetrum,Libellulidae,Odonata,Insecta,Arthropoda,""
Sympotthastia,Chironomidae,Diptera,Insecta,Arthropoda,""
Synchelidium,Oedicerotidae,Amphipoda,Malacostraca,Arthropoda,""
Synidotea,Idoteidae,Isopoda,Malacostraca,Arthropoda,""
Synorthocladius,Chironomidae,Diptera,Insecta,Arthropoda,""
Synurella,Crangonyctidae,Amphipoda,Malacostraca,Arthropoda,""
Taeniopteryx,Taeniopterygidae,Plecoptera,Insecta,Arthropoda,""
Tagelus,Solecurtidae,Cardiida,Bivalvia,Mollusca,""
Tallaperla,Peltoperlidae,Plecoptera,Insecta,Arthropoda,""
Tampaella,Tellinidae,Cardiida,Bivalvia,Mollusca,""
Tanais,Tanaididae,Tanaidacea,Malacostraca,Arthropoda,""
Tanaissus,Tanaissuidae,Tanaidacea,Malacostraca,Arthropoda,""
Tanypus,Chironomidae,Diptera,Insecta,Arthropoda,""
Tanytarsini,Chironomidae,Diptera,Hexapoda,Arthropoda,""
Taphromysis,Mysidae,Mysida,Malacostraca,Arthropoda,""
Taylorpholoe,Sigalionidae,Phyllodocida,Polychaeta,Annelida,""
Tectonatica,Naticidae,Littorinimorpha,Gastropoda,Mollusca,""
Teinostoma,Teinostomatidae,Littorinimorpha,Gastropoda,Mollusca,""
Tellidora,Tellinidae,Cardiida,Bivalvia,Mollusca,""
Tellina,Tellinidae,Cardiida,Bivalvia,Mollusca,""
Tenonia,Polynoidae,Phyllodocida,Polychaeta,Annelida,""
Terebellides,Trichobranchidae,Terebellida,Polychaeta,Annelida,""
Terebra,Terebridae,Neogastropoda,Gastropoda,Mollusca,""
Tetrastemma,Tetrastemmatidae,Monostilifera,Hoplonemertea,Nemertea,""
Texadina,Cochliopidae,Littorinimorpha,Gastropoda,Mollusca,""
Tharyx,Cirratulidae,Terebellida,Polychaeta,Annelida,""
Thelepus,Terebellidae,Terebellida,Polychaeta,Annelida,""
Theora,Semelidae,Cardiida,Bivalvia,Mollusca,""
Thienemanniella,Chironomidae,Diptera,Insecta,Arthropoda,Corynoneura.Thienemanniella
Thienemannimyia,Chironomidae,Diptera,Insecta,Arthropoda,""
Thor,Thoridae,Decapoda,Malacostraca,Arthropoda,""
Thracia,Thraciidae,incertae sedis,Bivalvia,Mollusca,""
Thraulodes,Leptophlebiidae,Ephemeroptera,Insecta,Arthropoda,""
Thyasira,Thyasiridae,Lucinida,Bivalvia,Mollusca,""
Thysanocardia,Golfingiidae,Sipuncula,incertae sedis,Annelida,""
Tinodes,Psychomyiidae,Trichoptera,Insecta,Arthropoda,""
Tipula,Tipulidae,Diptera,Insecta,Arthropoda,""
Tiron,Synopiidae,Amphipoda,Malacostraca,Arthropoda,""
Trachycardium,Cardiidae,Cardiida,Bivalvia,Mollusca,""
Tramea,Libellulidae,Odonata,Insecta,Arthropoda,""
Transennella,Veneridae,Venerida,Bivalvia,Mollusca,""
Traverella,Leptophlebiidae,Ephemeroptera,Insecta,Arthropoda,""
Tresus,Mactridae,Venerida,Bivalvia,Mollusca,""
Triaenodes,Leptoceridae,Trichoptera,Insecta,Arthropoda,Triaenodes.Ylodes
Triaenodes.Ylodes,Leptoceridae,Trichoptera,Insecta,Arthropoda,""
Tribelos,Chironomidae,Diptera,Insecta,Arthropoda,Phaenopsectra.Tribelos
Trichobranchus,Trichobranchidae,Terebellida,Polychaeta,Annelida,""
Trichotropis,Capulidae,Littorinimorpha,Gastropoda,Mollusca,""
Trissopelopia,Chironomidae,Diptera,Insecta,Arthropoda,""
Tritella,Caprellidae,Amphipoda,Malacostraca,Arthropoda,""
Tritia,Nassariidae,Neogastropoda,Gastropoda,Mollusca,""
Trochochaeta,Trochochaetidae,Spionida,Polychaeta,Annelida,""
Tropisternus,Hydrophilidae,Coleoptera,Insecta,Arthropoda,""
Tryonia,Cochliopidae,Littorinimorpha,Gastropoda,Mollusca,""
Tubulanus,Tubulanidae,Tubulaniformes,Palaeonemertea,Nemertea,""
Turbonilla,Pyramidellidae,incertae sedis,Gastropoda,Mollusca,""
Turveria,Eulimidae,Littorinimorpha,Gastropoda,Mollusca,""
Unciola,Unciolidae,Amphipoda,Malacostraca,Arthropoda,""
Upogebia,Upogebiidae,Decapoda,Malacostraca,Arthropoda,""
Uromunna,Munnidae,Isopoda,Malacostraca,Arthropoda,""
Urosalpinx,Muricidae,Neogastropoda,Gastropoda,Mollusca,""
Valvata,Valvatidae,incertae sedis,Gastropoda,Mollusca,""
Venerupis,Veneridae,Venerida,Bivalvia,Mollusca,""
Virgularia,Virgulariidae,Scleralcyonacea,Octocorallia,Cnidaria,""
Visoka,Nemouridae,Plecoptera,Insecta,Arthropoda,""
Vitrinella,Tornidae,Littorinimorpha,Gastropoda,Mollusca,""
Viviparus,Viviparidae,Architaenioglossa,Gastropoda,Mollusca,""
Volvulella,Rhizoridae,Cephalaspidea,Gastropoda,Mollusca,""
Vorticifex,Planorbidae,incertae sedis,Gastropoda,Mollusca,""
Websterinereis,Nereididae,Phyllodocida,Polychaeta,Annelida,""
Westwoodilla,Oedicerotidae,Amphipoda,Malacostraca,Arthropoda,""
Wiedemannia,Empididae,Diptera,Insecta,Arthropoda,""
Wormaldia,Philopotamidae,Trichoptera,Insecta,Arthropoda,""
Xenanthura,Hyssuridae,Isopoda,Malacostraca,Arthropoda,""
Xenochironomus,Chironomidae,Diptera,Insecta,Arthropoda,""
Xylotopus,Chironomidae,Diptera,Insecta,Arthropoda,""
Ylodes,Leptoceridae,Trichoptera,Insecta,Arthropoda,Triaenodes.Ylodes
Yoldia,Yoldiidae,Nuculanida,Bivalvia,Mollusca,""
Yoraperla,Peltoperlidae,Plecoptera,Insecta,Arthropoda,""
Zaitzevia,Elmidae,Coleoptera,Insecta,Arthropoda,""
Zalutschia,Chironomidae,Diptera,Insecta,Arthropoda,""
Zaolutus,Isanthidae,Actiniaria,Hexacorallia,Cnidaria,""
Zapada,Nemouridae,Plecoptera,Insecta,Arthropoda,""
Zavreliella,Chironomidae,Diptera,Insecta,Arthropoda,""
Zavrelimyia,Chironomidae,Diptera,Insecta,Arthropoda,Paramerina.Zavrelimyia
Zeuxo,Tanaididae,Tanaidacea,Malacostraca,Arthropoda,""
Zygeupolia,Lineidae,Heteronemertea,Pilidiophora,Nemertea,""
Zygonemertes,Zygonemertidae,Monostilifera,Hoplonemertea,Nemertea,""
